Temp1,Temp2
C0001,T79WXA
C0004,T38AWT
C0004,T85AXP
C0004,T88TDZ
C0004,T80GUN
C0004,T81I4T
C0004,T85U8U
C0004,T80PUR
C0004,T38T1U
C0004,T43N2D
C0004,T63BQU
C0004,T85JI5
C0004,T54OSZ
C0004,T63FNY
C0004,T74QXI
C0004,T42EAZ
C0004,T66CDR
C0004,T44CO6
C0004,T29MD1
C0004,T71UHA
C0004,T80OJF
C0004,T92BZ2
C0004,T15JRW
C0004,T88AJI
C0004,T77A47
C0004,T40NB1
C0004,T06RMZ
C0004,T97KFC
C0004,T84E1O
C0004,T04W1F
C0004,T56D7K
C0004,T54N7G
C0004,T87WH7
C0004,T78IOY
C0004,T93WZG
C0004,T36I66
C0004,T90Z3N
C0004,T49TDM
C0008,T29MD1
C0009,T71BDH
C0011,T70HTD
C0011,T79WXA
C0011,T25NSJ
C0013,T22OPB
C0013,T71BDH
C0013,T86ROZ
C0013,T81I4T
C0013,T68SE0
C0013,T20E5P
C0013,T80OPZ
C0014,T26EZU
C0014,T85U8U
C0014,T25NSJ
C0014,T79WXA
C0014,T05PKX
C0014,T85S9Z
C0014,T41INV
C0014,T67KTV
C0014,T88TDZ
C0014,T01QLH
C0014,T89L4V
C0014,T88AJI
C0014,T42HHN
C0014,T43NBB
C0014,T90ADC
C0014,T71K92
C0014,T05O6O
C0014,T09KPZ
C0014,T84W8G
C0015,T83YZD
C0015,T37K4S
C0017,T38EQ6
C0017,T29MD1
C0017,T06RMZ
C0017,T41Z8G
C0017,T30ZE6
C0019,T96JGO
C0020,T88AJI
C0020,T99V1T
C0020,T79WXA
C0020,T45G32
C0020,T85NRC
C0020,T50WOV
C0025,T24C0P
C0025,T16MRU
C0025,T13HKH
C0025,T84W8G
C0025,T88TDZ
C0025,T36YWU
C0025,T76B0A
C0025,T93YV8
C0025,T34X07
C0025,T08KXM
C0025,T05AAL
C0025,T72KIO
C0025,T96OOK
C0025,T92BZ2
C0025,T05O6O
C0026,T43GWF
C0026,T01QLH
C0026,T26EZU
C0026,T02IOG
C0026,T84FSA
C0026,T93WZG
C0026,T75H3W
C0026,T10S5F
C0027,T50WOV
C0027,T82JWE
C0029,T58XLK
C0029,T96PBE
C0030,T99V1T
C0031,T74JJN
C0031,T16A2X
C0031,T71B0A
C0031,T30D9G
C0031,T88TDZ
C0031,T74QXI
C0031,T42EAZ
C0039,T95Y0K
C0039,T20JZ2
C0039,T06Q1R
C0039,T21K0F
C0039,T92X7D
C0039,T14AON
C0039,T13KGH
C0039,T01QLH
C0039,T76EHP
C0039,T48XM4
C0039,T25H22
C0039,T87WYU
C0039,T24CYX
C0039,T46AQJ
C0039,T62F1Y
C0039,T79KQO
C0039,T10KMJ
C0039,T54CIF
C0039,T50WOV
C0039,T29MD1
C0039,T42FMQ
C0039,T12T4H
C0040,T14LSK
C0040,T56TXY
C0040,T47HTN
C0040,T91MWA
C0040,T88TDZ
C0040,T95K8Q
C0040,T31M1Q
C0040,T58J2Y
C0040,T08Q7W
C0040,T06RMZ
C0040,T96OOK
C0040,T74QXI
C0040,T08OEP
C0040,T92BZ2
C0040,T32IXS
C0041,T76PKX
C0041,T40DIM
C0041,T54VET
C0041,T06RMZ
C0041,T50WOV
C0041,T37ADS
C0041,T96OOK
C0041,T20JZ2
C0041,T12RJE
C0041,T47C6A
C0041,T88TDZ
C0041,T58FWN
C0041,T06Q1R
C0041,T71K92
C0041,T01QLH
C0041,T80OJF
C0041,T85U8U
C0041,T27U96
C0041,T49TDM
C0041,T58J2Y
C0041,T84WE9
C0041,T04MBA
C0041,T29JZ3
C0041,T09H2Z
C0041,T64BTV
C0041,T23VMI
C0041,T26EZU
C0041,T82JWE
C0041,T47H3O
C0041,T92BZ2
C0041,T52CKD
C0041,T42PUG
C0041,T68SE0
C0041,T63BQU
C0041,T53AOE
C0041,T95K0K
C0041,T64LKA
C0041,T93SFQ
C0041,T78O6C
C0041,T84CEG
C0041,T30AEN
C0041,T02GD4
C0041,T11BI7
C0041,T79WXA
C0041,T25NSJ
C0041,T81I4T
C0041,T75NEV
C0041,T54SZZ
C0041,T37SV3
C0041,T88AJI
C0041,T69F5W
C0041,T13I7C
C0041,T80TUC
C0041,T44EUX
C0041,T92LK2
C0044,T92E71
C0044,T40DIM
C0044,T47H3O
C0045,T64UWL
C0045,T71BDH
C0045,T36YWU
C0045,T28K6X
C0046,T27LA6
C0046,T01JSX
C0046,T74JJN
C0046,T11BI7
C0046,T43N2D
C0046,T12PIB
C0046,T69ESY
C0046,T18LX5
C0046,T54SZZ
C0046,T54CIF
C0046,T74LFK
C0046,T58J2Y
C0046,T81BH5
C0046,T84VZG
C0046,T84P70
C0046,T17UP9
C0046,T06MXL
C0046,T50WOV
C0046,T85U8U
C0047,T64T4I
C0047,T84W8G
C0047,T54SZZ
C0047,T68CKY
C0047,T96OOK
C0047,T97KFC
C0047,T33BF9
C0047,T02WMA
C0047,T75H3W
C0047,T63YAO
C0047,T43N2D
C0047,T91OUC
C0047,T55JB4
C0047,T69NG6
C0047,T33OPP
C0047,T22IMH
C0047,T38T1U
C0047,T16A2X
C0047,T59IKQ
C0047,T33KFW
C0047,T26KIE
C0047,T30D9G
C0047,T85U8U
C0047,T31P1D
C0047,T53RK9
C0047,T49TDM
C0047,T71K92
C0047,T02DYS
C0047,T25NSJ
C0047,T09KQF
C0047,T56RMM
C0047,T05O6O
C0047,T63FF5
C0047,T49PL1
C0047,T23P74
C0047,T80TUC
C0047,T88TDZ
C0047,T23VMI
C0047,T42XY2
C0047,T09H2Z
C0047,T71UHA
C0047,T34PRO
C0047,T93WZG
C0047,T78VUO
C0047,T94K7H
C0047,T78ZF2
C0047,T88QQE
C0047,T06URY
C0047,T57GP2
C0047,T58J2Y
C0047,T90ORW
C0047,T63GUB
C0047,T34X07
C0047,T04MBA
C0047,T60CG9
C0047,T09KPZ
C0047,T06PVX
C0047,T57HGP
C0047,T11BI7
C0047,T67HAF
C0047,T37ADS
C0047,T36HB7
C0047,T38K2W
C0047,T84VZG
C0047,T62Y4H
C0047,T84WE9
C0047,T89S77
C0047,T41U5H
C0047,T41WA8
C0049,T85U8U
C0051,T88TDZ
C0053,T85U8U
C0053,T71K92
C0053,T75H3W
C0053,T10S5F
C0053,T64W2K
C0053,T36YWU
C0053,T80OJF
C0053,T41TXS
C0053,T20H9F
C0053,T70B7U
C0054,T22OPB
C0055,T80PUR
C0055,T25NS3
C0055,T85U8U
C0055,T38T1U
C0055,T01QLH
C0055,T06RMZ
C0055,T29MD1
C0055,T86CQC
C0055,T57MP0
C0055,T86YQL
C0055,T61NZN
C0055,T25NSJ
C0055,T91MKC
C0055,T70HTD
C0055,T80GUN
C0055,T32P8F
C0055,T30D9G
C0055,T47HTN
C0055,T79WXA
C0055,T32YAJ
C0055,T11OU8
C0055,T94FQR
C0055,T47OCS
C0055,T22JG3
C0055,T09H2Z
C0055,T64UH1
C0055,T32IXS
C0055,T04OY0
C0055,T16A2X
C0055,T44LWL
C0055,T64X48
C0055,T45KYV
C0055,T63BQU
C0055,T88TDZ
C0055,T46AQJ
C0055,T64BTV
C0055,T97FEF
C0055,T04WT7
C0055,T53AOE
C0055,T50FHQ
C0055,T62P0D
C0055,T83QHM
C0055,T74LFK
C0055,T16K98
C0055,T63YAO
C0055,T13KGH
C0055,T67JR8
C0055,T71K92
C0055,T05O6O
C0055,T44S1A
C0055,T58D39
C0055,T29PSX
C0055,T24U57
C0055,T59IKQ
C0055,T54G8J
C0055,T78ZF2
C0055,T64W2K
C0055,T23VMI
C0055,T37VLU
C0055,T11AJ4
C0055,T77TY2
C0055,T84W8G
C0055,T89L4V
C0055,T35R2F
C0055,T61OY3
C0055,T57YL7
C0055,T80OJF
C0055,T78O6C
C0055,T61J7T
C0055,T85AXP
C0055,T61HH0
C0055,T68NCI
C0055,T29NEF
C0055,T45WII
C0055,T47X6Y
C0055,T21TC9
C0055,T28HOM
C0055,T68SE0
C0055,T52FC6
C0055,T50WOV
C0055,T76EHP
C0055,T58N83
C0055,T69NNS
C0055,T49TDM
C0055,T12T4H
C0055,T63VZZ
C0055,T84P70
C0055,T00EP2
C0055,T42XY2
C0055,T80MG0
C0055,T15N66
C0055,T74JJN
C0055,T82LND
C0055,T95K0K
C0055,T06JXV
C0055,T93SFQ
C0055,T51EKP
C0055,T47WWK
C0055,T46PRA
C0055,T11GHO
C0055,T62G0S
C0055,T82N70
C0055,T43QZ3
C0055,T77YFO
C0055,T88AJI
C0055,T80R6A
C0055,T87TVN
C0055,T38IRL
C0055,T10RBK
C0055,T28K6X
C0055,T23RWU
C0055,T58J2Y
C0055,T76B0A
C0055,T23TJV
C0055,T50HUJ
C0055,T52HO1
C0055,T47T27
C0055,T31SX8
C0055,T62L0I
C0055,T51NKF
C0055,T42EAZ
C0055,T06MXL
C0055,T94FK3
C0055,T67KTV
C0055,T43BVC
C0055,T87DEX
C0055,T83YZD
C0055,T76ZOF
C0055,T73PZA
C0055,T47G3X
C0055,T73ND5
C0055,T40MAR
C0055,T47H3O
C0055,T67ZT3
C0055,T04YQC
C0055,T06PVX
C0055,T56RMM
C0055,T60WNX
C0055,T02GD4
C0055,T53FD0
C0055,T81I4T
C0055,T40DIM
C0055,T91MLF
C0055,T46TBY
C0055,T68O49
C0055,T35YGY
C0055,T86ROZ
C0057,T21EGX
C0058,T60B3R
C0058,T78T4E
C0058,T46AQJ
C0058,T36YWU
C0060,T73PLT
C0060,T30VNV
C0061,T09INZ
C0063,T83YZD
C0063,T09INZ
C0063,T60XJI
C0063,T67KTV
C0063,T12WTT
C0063,T23VMI
C0063,T64BTV
C0063,T84W8G
C0063,T30VNV
C0064,T21DZX
C0064,T25M2J
C0064,T06Q1R
C0064,T69XVX
C0064,T09H2Z
C0064,T08Q7W
C0064,T39M6J
C0065,T26KIE
C0066,T02QBS
C0066,T69RXK
C0066,T49ORJ
C0066,T29MD1
C0066,T85U8U
C0066,T88TDZ
C0066,T82JWE
C0066,T93WZG
C0066,T24LXT
C0066,T75H3W
C0066,T07TMB
C0066,T06RMZ
C0066,T77BI5
C0066,T49TDM
C0066,T80GUN
C0067,T77ERW
C0067,T02QBS
C0068,T67KTV
C0068,T84W8G
C0068,T58J2Y
C0068,T96OOK
C0068,T80TUC
C0068,T74QXI
C0068,T25RHJ
C0068,T24LXT
C0068,T75HMM
C0068,T71K92
C0068,T43TK1
C0070,T98OJA
C0071,T98RXH
C0072,T24C0P
C0072,T01QLH
C0072,T11OU8
C0072,T16Q09
C0072,T85U8U
C0072,T18MOS
C0072,T11BI7
C0072,T22NX4
C0072,T49ORJ
C0072,T18DUA
C0073,T22OPB
C0073,T25Y64
C0073,T83YZD
C0073,T81I4T
C0073,T21DZX
C0073,T60UPF
C0073,T69RXK
C0073,T18CUI
C0073,T92BZ2
C0073,T54CIF
C0073,T39RV3
C0073,T66S13
C0073,T08SJX
C0073,T38OQ4
C0073,T38J3Y
C0074,T20JZ2
C0074,T50V79
C0074,T10S5F
C0074,T73LPO
C0074,T93SFQ
C0074,T01E7W
C0074,T04NYZ
C0074,T67JR8
C0074,T99XQ3
C0074,T26KIE
C0074,T93WZG
C0074,T38BR0
C0074,T75H3W
C0074,T88TDZ
C0074,T64W2K
C0074,T85U8U
C0074,T38T1U
C0074,T23P74
C0074,T08Q7W
C0074,T92BZ2
C0074,T43N2D
C0074,T75B9S
C0074,T82JWE
C0074,T68SE0
C0074,T74QXI
C0074,T54G8J
C0074,T23VMI
C0074,T42K6K
C0074,T33KFW
C0074,T11BI7
C0074,T39RV3
C0074,T66S13
C0074,T85BSD
C0074,T72TF8
C0074,T29MD1
C0074,T39WPZ
C0074,T07S0E
C0074,T80GUN
C0074,T49TDM
C0075,T14DX3
C0075,T06Q1R
C0077,T88AJI
C0077,T23P74
C0077,T90SGJ
C0077,T85U8U
C0077,T63BQU
C0077,T38T1U
C0077,T71K92
C0077,T52YQN
C0077,T01QLH
C0077,T27M4K
C0077,T64W2K
C0077,T52ARL
C0077,T08VHE
C0077,T85NRC
C0078,T01E7W
C0078,T01IGB
C0079,T63BQU
C0079,T02QBS
C0082,T91W8B
C0082,T13QI6
C0083,T05O6O
C0083,T22JG3
C0083,T93SFQ
C0083,T88TDZ
C0083,T90XMB
C0083,T85U8U
C0083,T16MRU
C0083,T40G6B
C0083,T50WOV
C0084,T83YZD
C0084,T22OPB
C0086,T88AJI
C0086,T42EAZ
C0086,T73QZ2
C0087,T27BN7
C0089,T84W8G
C0089,T63BQU
C0089,T07TRP
C0089,T02O3F
C0089,T25Y64
C0089,T10S5F
C0089,T07TMB
C0089,T71K92
C0089,T46AQJ
C0089,T95QJ9
C0089,T98RXH
C0089,T91D6X
C0089,T61SU2
C0089,T29MD1
C0089,T04NYZ
C0089,T94H37
C0089,T80TUC
C0089,T09KPZ
C0090,T23P74
C0090,T85U8U
C0090,T80GUN
C0090,T04H8Y
C0090,T06RMZ
C0090,T06VX0
C0090,T54G8J
C0090,T83YZD
C0090,T20IHC
C0090,T21DZX
C0090,T16UZ4
C0090,T02GD4
C0090,T82JWE
C0090,T97KL5
C0090,T09H2Z
C0090,T22OPB
C0090,T81BH5
C0090,T32SPJ
C0090,T08B2M
C0090,T33UEM
C0090,T50WOV
C0090,T03TJ0
C0090,T40G6B
C0090,T31VDH
C0090,T49TDM
C0090,T16A2X
C0091,T49TDM
C0093,T47H3O
C0093,T50WOV
C0093,T53Z7Y
C0093,T34VFO
C0094,T12T4H
C0094,T33OPP
C0094,T64V6C
C0094,T83RKS
C0094,T73PZA
C0094,T68XXK
C0094,T35WLZ
C0094,T20JZ2
C0094,T41Z1X
C0094,T71K92
C0094,T43NBB
C0094,T85U8U
C0094,T51WGR
C0094,T82S6C
C0094,T18CPB
C0095,T58J2Y
C0095,T85U8U
C0095,T00YTT
C0095,T74JJN
C0095,T37SV3
C0095,T83VW4
C0095,T23VMI
C0099,T99T1V
C0099,T35OPL
C0099,T47H3O
C0100,T43N2D
C0100,T97FEF
C0100,T52CKD
C0100,T56A9T
C0100,T02AK2
C0100,T29MD1
C0100,T14JZK
C0100,T84FSA
C0100,T38O11
C0100,T83P5X
C0100,T84C2C
C0100,T08OIA
C0100,T04WT7
C0100,T81I4T
C0100,T92BZ2
C0100,T46K2X
C0100,T51DHZ
C0100,T72TF8
C0100,T68O49
C0100,T25NSJ
C0100,T79WXA
C0100,T96OOK
C0100,T32PI2
C0100,T80TUC
C0100,T71K92
C0101,T74JJN
C0101,T01QLH
C0101,T05O6O
C0101,T53KY7
C0101,T69XEM
C0101,T49ORJ
C0101,T27LA6
C0101,T25UYT
C0101,T43N2D
C0101,T20JZ2
C0101,T70NYW
C0101,T03VS9
C0101,T06RMZ
C0101,T12BGL
C0101,T24VJT
C0101,T93YV8
C0101,T07TRP
C0101,T97FEF
C0101,T15RPU
C0101,T68DAN
C0101,T49CBW
C0101,T40DIM
C0101,T61OY3
C0101,T19JEU
C0101,T67HAF
C0101,T49TDM
C0101,T42XY2
C0101,T67ZT3
C0101,T42EAZ
C0101,T44LWL
C0101,T09H2Z
C0101,T07TMB
C0101,T78VUO
C0101,T64W2K
C0101,T24LXT
C0101,T20NCI
C0101,T28EY5
C0101,T58J2Y
C0101,T23VMI
C0101,T64BTV
C0101,T17UP9
C0101,T54CIF
C0101,T10HL8
C0101,T08Q7W
C0101,T59IKQ
C0101,T82JWE
C0101,T86UXL
C0101,T68NCI
C0101,T88TDZ
C0101,T26KIE
C0101,T63GUB
C0101,T77PFO
C0101,T26UZV
C0101,T71K92
C0101,T80TUC
C0101,T85U8U
C0101,T53AOE
C0101,T44S1A
C0101,T54VQA
C0101,T64UH1
C0101,T88AJI
C0101,T96OOK
C0101,T38K2W
C0101,T23P74
C0101,T79A7K
C0101,T19Z2N
C0101,T68BGR
C0101,T25NSJ
C0101,T79WXA
C0101,T31P1D
C0101,T24U57
C0101,T39M81
C0101,T05WU9
C0101,T98QOA
C0101,T38N69
C0101,T06PVX
C0101,T42K6K
C0101,T89VFL
C0101,T04A2Q
C0101,T82S6C
C0101,T00F43
C0101,T21YK3
C0101,T75I26
C0101,T49PL1
C0101,T21Q0D
C0101,T13I7C
C0101,T04WT7
C0101,T03G09
C0101,T30NJL
C0101,T33JS5
C0101,T88MR0
C0101,T91MKC
C0101,T31SX8
C0101,T17X6I
C0101,T16S8T
C0101,T46AQJ
C0101,T49A2A
C0101,T25SPW
C0101,T09HVO
C0101,T33BF9
C0101,T76B0A
C0101,T74V1Z
C0101,T45G32
C0101,T72BXP
C0101,T24LWC
C0101,T35QZO
C0101,T89SY7
C0101,T02QBS
C0102,T05TS9
C0102,T21Q0D
C0102,T44KU9
C0102,T75H3W
C0102,T93WZG
C0102,T10S5F
C0102,T16Q09
C0104,T85U8U
C0104,T38OH4
C0104,T64BTV
C0104,T80TUC
C0104,T43N2D
C0105,T29MD1
C0105,T39WPZ
C0106,T36QDK
C0106,T68NCI
C0106,T26S6R
C0107,T23VMI
C0107,T47FOG
C0108,T58XLK
C0109,T71DUF
C0110,T92HNO
C0110,T92E71
C0110,T58J2Y
C0110,T18LPB
C0110,T26KIE
C0110,T96OOK
C0110,T85U8U
C0110,T23VMI
C0110,T30VNV
C0110,T08Q7W
C0110,T86ROZ
C0110,T70EJM
C0110,T34DZ7
C0110,T33OPP
C0110,T09H2Z
C0113,T11GHO
C0113,T95Y0K
C0113,T14R01
C0113,T11TKN
C0114,T03CZ8
C0114,T64UH1
C0114,T28PHS
C0114,T85U8U
C0114,T23VMI
C0114,T26KIE
C0114,T97FEF
C0114,T80U0C
C0114,T33OPP
C0114,T34HYH
C0114,T84VZG
C0115,T39NFM
C0115,T21DZX
C0115,T16UHV
C0118,T74LFK
C0118,T93SFQ
C0118,T88LSZ
C0119,T96N1K
C0119,T04H8Y
C0119,T10HL8
C0119,T59IKQ
C0119,T80TUC
C0119,T85U8U
C0119,T71K92
C0119,T09H2Z
C0119,T23VMI
C0119,T09KQF
C0119,T06RMZ
C0124,T88AJI
C0124,T37BP1
C0125,T05WWN
C0125,T85RZS
C0125,T56NC7
C0125,T49TDM
C0125,T07NML
C0125,T14FV1
C0125,T08Q7W
C0125,T06N1B
C0125,T06RMZ
C0126,T58J2Y
C0126,T41BXR
C0126,T83F53
C0126,T45XTW
C0126,T12PHR
C0128,T85C8T
C0130,T13KGH
C0130,T02U6A
C0130,T23VMI
C0133,T16A2X
C0133,T85U8U
C0133,T93SFQ
C0133,T22OPB
C0133,T86ROZ
C0134,T16X77
C0134,T88AJI
C0134,T08Q7W
C0135,T83YZD
C0135,T03G09
C0135,T06RMZ
C0135,T01E8J
C0135,T49TDM
C0135,T78C6N
C0135,T73ATB
C0135,T88TDZ
C0135,T64UH1
C0135,T80OPZ
C0135,T49ORJ
C0135,T61QXV
C0135,T93YV8
C0135,T88BXD
C0135,T91MKC
C0135,T38JCD
C0135,T19BO9
C0135,T22OPB
C0139,T18RS6
C0139,T86CQC
C0141,T84W8G
C0141,T42UFS
C0141,T10AWW
C0142,T32R5L
C0142,T84W8G
C0142,T10AWW
C0143,T92ZDN
C0143,T24F1A
C0143,T37VLU
C0143,T21DZX
C0144,T62FNY
C0144,T47DYR
C0145,T67KTV
C0145,T67ZT3
C0145,T88TDZ
C0145,T20VPX
C0145,T95K8Q
C0146,T06Q1R
C0146,T23Z2G
C0147,T24LXT
C0148,T34DZ7
C0148,T44LWL
C0149,T22XGJ
C0150,T40MJF
C0151,T08Q7W
C0151,T85U8U
C0151,T23P74
C0151,T38T1U
C0152,T29MD1
C0152,T92HNO
C0152,T32JN2
C0152,T16MRU
C0152,T75H3W
C0152,T24U57
C0152,T59IKQ
C0152,T63GUB
C0152,T65S3S
C0152,T13KGH
C0152,T80TUC
C0152,T55IIP
C0152,T54SZZ
C0152,T67ZT3
C0153,T22OPB
C0153,T38EQ6
C0155,T81I4T
C0156,T77TY2
C0156,T63BQU
C0156,T81I4T
C0157,T58J2Y
C0157,T07VJT
C0157,T08Q7W
C0157,T87DEX
C0157,T09H2Z
C0157,T10ICM
C0157,T00H7Q
C0157,T39RV3
C0157,T74V1Z
C0159,T83F53
C0159,T09H2Z
C0159,T23VMI
C0159,T08Q7W
C0160,T83YZD
C0160,T43G0N
C0160,T50WOV
C0161,T85U8U
C0162,T76SUY
C0162,T06Q1R
C0162,T21DZX
C0163,T20OEM
C0163,T16A2X
C0163,T87UKX
C0163,T12WTT
C0163,T30D9G
C0163,T82JWE
C0163,T27U96
C0164,T02QBS
C0164,T69XVX
C0164,T80OJF
C0164,T09H2Z
C0164,T23VMI
C0164,T63BQU
C0164,T58J2Y
C0164,T84W8G
C0164,T14JSQ
C0164,T70YKV
C0164,T79KQO
C0164,T49TDM
C0164,T40B7E
C0164,T06RMZ
C0164,T92Q77
C0164,T67HAF
C0164,T08Q7W
C0164,T07TMB
C0164,T86ROZ
C0164,T48XM4
C0164,T26KIE
C0164,T87WYU
C0164,T80TUC
C0164,T85U8U
C0164,T10HL8
C0164,T29MD1
C0164,T50SX0
C0164,T41INV
C0164,T59IKQ
C0164,T24U57
C0164,T87DEX
C0164,T54OSZ
C0164,T63FNY
C0164,T71K92
C0164,T07VO1
C0164,T99ARN
C0164,T18DUA
C0164,T71BDH
C0164,T54CIF
C0164,T10IWJ
C0164,T14DX3
C0164,T66WWM
C0167,T56D7K
C0167,T18MOS
C0167,T96NMT
C0169,T96OOK
C0173,T84W8G
C0173,T28I32
C0174,T26EZU
C0179,T42EAZ
C0179,T68OIU
C0179,T40TBX
C0179,T45G32
C0179,T48ZIG
C0179,T51K6D
C0179,T36RGT
C0179,T25NSJ
C0179,T79WXA
C0179,T43Y5O
C0181,T60XJI
C0181,T09INZ
C0181,T12BGL
C0181,T46AXP
C0184,T85U8U
C0185,T87WH7
C0185,T71K92
C0185,T96OOK
C0186,T72U9G
C0186,T82D6U
C0186,T24V8E
C0186,T24RSX
C0186,T95EK6
C0187,T85AXP
C0188,T49ORJ
C0188,T53YWQ
C0188,T70SFS
C0189,T49ORJ
C0189,T37G49
C0189,T76TED
C0189,T37JN5
C0189,T17UP9
C0189,T71K92
C0189,T10HL8
C0189,T98DNG
C0189,T78ILO
C0189,T63GUB
C0189,T68IZC
C0189,T06RMZ
C0189,T26KIE
C0189,T02H9U
C0190,T85U8U
C0190,T80XW6
C0190,T02DEN
C0190,T74JJN
C0190,T08Q7W
C0190,T70HC9
C0190,T49J7I
C0190,T67RBZ
C0190,T83YZD
C0193,T48J1U
C0197,T28ODR
C0197,T95CAO
C0197,T06N1B
C0198,T49TDM
C0198,T43N2D
C0198,T20JZ2
C0198,T08Q7W
C0198,T42K6K
C0198,T04A2Q
C0198,T07TMB
C0198,T01QLH
C0198,T85U8U
C0198,T71K92
C0198,T69X4A
C0198,T37VLU
C0198,T58H37
C0198,T16CFE
C0199,T51IKV
C0199,T87DEX
C0199,T32R5L
C0199,T74JJN
C0199,T22OPB
C0199,T62UOD
C0199,T47H3O
C0199,T60B3R
C0199,T67CB6
C0199,T39M6J
C0199,T97FEF
C0199,T71BDH
C0199,T68DAN
C0199,T74QXI
C0199,T91AIW
C0199,T25M2J
C0199,T71K92
C0199,T21DZX
C0199,T29B10
C0199,T38O11
C0199,T80GUN
C0199,T23P74
C0199,T99XQ3
C0199,T49TDM
C0199,T14LSK
C0199,T82JWE
C0199,T13KGH
C0199,T86ROZ
C0199,T79WXA
C0199,T33OPP
C0199,T26KIE
C0199,T85U8U
C0199,T42EAZ
C0199,T88TDZ
C0199,T79KQO
C0199,T08Q7W
C0199,T47HTN
C0199,T38K2W
C0199,T64W2K
C0199,T50V79
C0199,T10S5F
C0199,T75H3W
C0199,T93WZG
C0199,T24LXT
C0199,T75HMM
C0199,T74I49
C0199,T06PVX
C0199,T92AMR
C0199,T23VMI
C0199,T09H2Z
C0199,T10HL8
C0199,T69NG6
C0199,T37VLU
C0199,T88B8X
C0199,T68SE0
C0199,T80OJF
C0199,T60GGR
C0199,T29MD1
C0199,T01E7W
C0199,T77M4W
C0199,T62Y4H
C0199,T83YZD
C0199,T35LKG
C0199,T45G32
C0199,T43N2D
C0199,T68AKE
C0199,T73LPO
C0199,T66WWM
C0199,T78O6C
C0199,T92HNO
C0199,T01QLH
C0199,T78IOY
C0199,T41BXR
C0199,T41DXP
C0199,T25NSJ
C0199,T06RMZ
C0200,T82ALJ
C0200,T88TDZ
C0200,T79WXA
C0200,T25NSJ
C0200,T33KFW
C0200,T06RMZ
C0201,T96OOK
C0201,T38T1U
C0201,T10S5F
C0201,T23P74
C0201,T85U8U
C0201,T71K92
C0201,T80TUC
C0202,T47H3O
C0203,T11BI7
C0203,T09H2Z
C0203,T04MBA
C0203,T12T4H
C0203,T80TUC
C0203,T96OOK
C0203,T71BDH
C0204,T59LQ9
C0205,T06VX0
C0205,T90LA2
C0205,T37PX5
C0205,T04MBA
C0206,T86J48
C0207,T40LTN
C0208,T97VB6
C0214,T12BGL
C0215,T63BQU
C0219,T42D4V
C0221,T14BVD
C0221,T23VMI
C0224,T25RHJ
C0224,T09H2Z
C0224,T80GUN
C0224,T49TDM
C0224,T33JS5
C0225,T57HGP
C0225,T58J2Y
C0225,T57L0X
C0225,T82ALJ
C0225,T01CEB
C0225,T20RA0
C0225,T10WAM
C0225,T34Y8V
C0225,T48TW0
C0225,T99XQ3
C0225,T93VFT
C0225,T23RXU
C0225,T50WOV
C0226,T85AXP
C0226,T66YJ0
C0226,T30VNV
C0226,T96OOK
C0226,T09H2Z
C0226,T44C7S
C0226,T73WJH
C0226,T16A2X
C0226,T85Y6T
C0226,T33OPP
C0226,T63GUB
C0226,T51WML
C0226,T85U8U
C0226,T34DZ7
C0226,T00EP2
C0226,T08Q7W
C0226,T37VLU
C0226,T23TJV
C0226,T08OEP
C0226,T86CQC
C0226,T74SS7
C0226,T27ZM7
C0226,T54IMC
C0226,T50V79
C0226,T66A7X
C0226,T96N1K
C0226,T75B9S
C0226,T19EKF
C0226,T12WTT
C0226,T88AJI
C0226,T25NSJ
C0226,T79WXA
C0226,T42EAZ
C0226,T70SFS
C0226,T64X48
C0226,T02OOS
C0226,T88ENR
C0226,T45FPZ
C0226,T71K92
C0226,T57HGP
C0226,T32JN2
C0226,T11BI7
C0226,T96U07
C0226,T04LY5
C0226,T17TKM
C0226,T05WWN
C0226,T80TUC
C0226,T74JJN
C0226,T02GD4
C0226,T18R9N
C0226,T47UGF
C0226,T00CXT
C0226,T55KUF
C0226,T56G7O
C0226,T45TMC
C0226,T02HVB
C0226,T51UV4
C0226,T92LK2
C0226,T35KD8
C0226,T54YW8
C0226,T04WTG
C0226,T43DMF
C0226,T64BTV
C0226,T46K2X
C0226,T49TDM
C0226,T26EZU
C0226,T82JWE
C0226,T79UQC
C0226,T12T4H
C0226,T46PRA
C0226,T31VDH
C0226,T60UPF
C0226,T17E49
C0226,T67KTV
C0226,T17CNB
C0226,T19HN8
C0226,T22V6A
C0226,T47YVM
C0226,T90LA2
C0226,T23VMI
C0226,T16KVU
C0226,T42D4V
C0226,T00T9M
C0228,T83TMF
C0228,T79VME
C0228,T70HTD
C0229,T85U8U
C0229,T01QLH
C0229,T80GUN
C0229,T73LPO
C0229,T03CZ8
C0229,T54VET
C0229,T11ZYR
C0229,T88TDZ
C0229,T50WOV
C0229,T37BP1
C0229,T79WXA
C0229,T20VPX
C0229,T00RT4
C0229,T68B5V
C0229,T78C6N
C0229,T84W8G
C0229,T75EH8
C0229,T69RXK
C0229,T88LSZ
C0229,T48TW0
C0229,T87DEX
C0229,T99XQ3
C0229,T33OPP
C0229,T31SX8
C0229,T36NQ9
C0229,T96OOK
C0229,T22J9V
C0229,T08Q7W
C0229,T68CKY
C0229,T37WY2
C0229,T68SE0
C0229,T23VMI
C0229,T64BTV
C0229,T38T1U
C0229,T26KIE
C0229,T80TUC
C0229,T68AKE
C0229,T14DX3
C0229,T02JCT
C0229,T51WGR
C0229,T30VNV
C0229,T90ORW
C0230,T30VNV
C0230,T03CZ8
C0230,T80TUC
C0230,T71K92
C0230,T85U8U
C0231,T70U24
C0232,T56VPC
C0232,T70HU8
C0232,T19T97
C0232,T78C6N
C0232,T77SWL
C0232,T83P5X
C0232,T06RMZ
C0233,T74J8E
C0233,T22H7B
C0235,T43DMF
C0236,T66YJ0
C0236,T11BI7
C0236,T43DMF
C0236,T28Z4N
C0236,T30VNV
C0239,T53YWQ
C0240,T63BQU
C0240,T30VNV
C0240,T02WX3
C0240,T71K92
C0240,T54CIF
C0240,T95A39
C0242,T88LSZ
C0242,T22OPB
C0242,T57L0X
C0242,T23VMI
C0242,T31U13
C0242,T88TDZ
C0242,T82G3R
C0242,T78O6C
C0242,T06RMZ
C0242,T54SZZ
C0242,T20MBF
C0242,T53KY7
C0242,T67ZT3
C0242,T63GUB
C0242,T04HTN
C0242,T05XOE
C0242,T79WXA
C0242,T49PL1
C0242,T26KIE
C0242,T69NG6
C0243,T57L0X
C0243,T01QLH
C0243,T25Y64
C0243,T45G32
C0243,T27IAF
C0243,T95A04
C0243,T98RXH
C0243,T31YO2
C0243,T88TDZ
C0243,T06RMZ
C0243,T92UWJ
C0243,T50WOV
C0243,T31SX8
C0243,T00OVG
C0243,T67HXL
C0243,T53KY7
C0243,T28RI5
C0243,T75NEV
C0243,T30AEN
C0243,T63GUB
C0243,T49TDM
C0243,T16UHV
C0244,T81I4T
C0245,T02O3F
C0245,T05OGW
C0245,T73S71
C0245,T99EYH
C0245,T80O6V
C0245,T67KTV
C0245,T52UTG
C0245,T64UH1
C0245,T93SFQ
C0245,T88AJI
C0245,T71BDH
C0245,T95IYZ
C0245,T48UT8
C0246,T93SFQ
C0246,T86MX7
C0246,T41BXR
C0246,T40DE5
C0246,T73LPO
C0246,T21PEZ
C0246,T75HMM
C0246,T00RU5
C0246,T37V37
C0246,T09DI4
C0246,T78VUO
C0246,T25NSJ
C0246,T79WXA
C0246,T95IYZ
C0246,T16O4B
C0246,T10WEJ
C0246,T99HGY
C0247,T22H7B
C0247,T34I45
C0247,T77PFO
C0247,T79WXA
C0247,T37ADS
C0247,T47G3X
C0247,T37B9N
C0247,T51HY5
C0247,T75B9S
C0247,T61DYZ
C0247,T80XW6
C0247,T69VYP
C0247,T63GUB
C0247,T05O6O
C0247,T10RDU
C0247,T57L0X
C0247,T05DRQ
C0247,T38CH0
C0247,T68VQD
C0247,T80GUN
C0247,T71V6E
C0247,T96OOK
C0247,T25NSJ
C0247,T83QHM
C0247,T59IKQ
C0247,T49TDM
C0247,T69PZ6
C0247,T85RZS
C0247,T83F6G
C0247,T50JSQ
C0247,T76C5R
C0247,T43Y5O
C0247,T69ZRP
C0247,T73QZ2
C0247,T91QMA
C0247,T64V6C
C0247,T09KPZ
C0247,T02DKV
C0247,T85AXP
C0247,T84Z2I
C0247,T63V6Q
C0247,T43IF3
C0247,T33JS5
C0247,T75HMM
C0247,T94H37
C0247,T12IEI
C0247,T90Z3N
C0247,T18C4B
C0247,T90XYZ
C0247,T16R2S
C0247,T12T4H
C0247,T50WOV
C0247,T23A18
C0247,T31JWV
C0247,T06RMZ
C0247,T88TDZ
C0248,T88QEV
C0248,T91K6V
C0248,T38L2B
C0248,T92UWJ
C0248,T70JEM
C0248,T17UP9
C0248,T58J2Y
C0248,T33M2V
C0248,T70VMI
C0248,T21UJU
C0250,T83YZD
C0251,T34HYH
C0251,T23VMI
C0251,T17UP9
C0252,T81I4T
C0252,T50SJ8
C0253,T58XLK
C0256,T84W8G
C0256,T88AJI
C0258,T19XSL
C0258,T29TYJ
C0259,T09INZ
C0261,T17E49
C0262,T10HL8
C0262,T23P74
C0262,T85U8U
C0262,T86ROZ
C0262,T38EQ6
C0263,T30VNV
C0263,T62P0D
C0263,T09H2Z
C0263,T74WWP
C0263,T14JSX
C0263,T49ORJ
C0263,T58J2Y
C0263,T67LRH
C0263,T39YFG
C0263,T54WR0
C0263,T21Q0D
C0263,T12T4H
C0263,T07S0E
C0263,T90XYZ
C0263,T51WGR
C0263,T43NBB
C0263,T89L4V
C0263,T38WWN
C0263,T23YZF
C0263,T77FOL
C0263,T93VFT
C0263,T36SOV
C0263,T02DEN
C0263,T48UT8
C0263,T32HPO
C0263,T20H9F
C0263,T02YLA
C0263,T67RBZ
C0263,T67HYX
C0263,T19EKF
C0263,T19XSL
C0263,T23APZ
C0263,T38K2W
C0263,T03NWF
C0263,T48YPL
C0263,T53SLQ
C0263,T71K92
C0263,T75EH8
C0263,T52VL6
C0263,T19K8W
C0266,T50SX0
C0267,T40MJF
C0267,T41BXR
C0267,T33OPP
C0267,T02QBS
C0267,T07TMB
C0267,T24LXT
C0267,T86UXL
C0267,T46NT6
C0267,T71K92
C0267,T85U8U
C0267,T69RXK
C0267,T83Y39
C0267,T01S8U
C0267,T50WOV
C0267,T92BZ2
C0269,T73PLT
C0271,T98RXH
C0271,T74JJN
C0271,T31SX8
C0271,T36NQ9
C0271,T85U8U
C0271,T21Q0D
C0271,T42EAZ
C0271,T06RMZ
C0271,T50WOV
C0271,T88P76
C0271,T77OVM
C0271,T20IHC
C0271,T10HL8
C0271,T79KQO
C0271,T92BZ2
C0271,T59IKQ
C0271,T08Q7W
C0271,T88TDZ
C0271,T01E8J
C0271,T30VNV
C0271,T23VMI
C0271,T33OPP
C0271,T04H8Y
C0271,T79WXA
C0272,T70OGQ
C0272,T27BN7
C0272,T85U8U
C0272,T43N2D
C0272,T04WT7
C0272,T50WOV
C0272,T37SV3
C0272,T94S85
C0276,T66YJ0
C0276,T43DMF
C0276,T23VMI
C0276,T79KQO
C0277,T83TMF
C0277,T63BQU
C0279,T13KGH
C0279,T66FP0
C0281,T74QXI
C0281,T69NWB
C0281,T06RMZ
C0281,T20MBF
C0281,T27F5B
C0281,T53AOE
C0281,T10R1D
C0281,T50HKY
C0281,T77A47
C0281,T72QH0
C0281,T11BI7
C0281,T71K92
C0281,T50SX0
C0281,T85AXP
C0281,T64UH1
C0281,T42FMQ
C0281,T29MD1
C0281,T35E0A
C0281,T73HTV
C0281,T09INZ
C0281,T34HD8
C0281,T38T1U
C0281,T88AJI
C0281,T53OZE
C0281,T55LCD
C0281,T93WZG
C0281,T13E59
C0281,T96OOK
C0281,T43N2D
C0281,T83F53
C0281,T92P67
C0281,T62HEE
C0281,T96T89
C0281,T69NG6
C0281,T07TMB
C0281,T32PI2
C0281,T38OH4
C0281,T55K84
C0281,T23P74
C0281,T54KVP
C0281,T67ZT3
C0281,T84XYQ
C0281,T26QPN
C0281,T74RBE
C0281,T23VMI
C0281,T42EAZ
C0282,T08Q7W
C0282,T01E8J
C0282,T22NX4
C0282,T52ARL
C0282,T49TDM
C0282,T80R6A
C0282,T18YXD
C0282,T23VMI
C0282,T88AJI
C0282,T58CAO
C0282,T42EAZ
C0283,T34DZ7
C0283,T23VMI
C0283,T21DZX
C0283,T64BTV
C0283,T38N69
C0283,T83P5X
C0283,T08Q7W
C0283,T74LFK
C0283,T06Q1R
C0283,T44LWL
C0283,T79KQO
C0283,T71K92
C0283,T80TUC
C0283,T10HL8
C0283,T79WXA
C0283,T13KGH
C0283,T67ZT3
C0283,T21UJU
C0285,T22NX4
C0285,T76QBQ
C0285,T69NG6
C0285,T23VMI
C0285,T51EKP
C0285,T07VV7
C0285,T67ZT3
C0285,T71K92
C0285,T80WPU
C0285,T56OUM
C0285,T24YWQ
C0285,T34HYH
C0286,T23TJV
C0287,T13WH4
C0290,T38G6P
C0290,T10WID
C0291,T32UNL
C0294,T63BQU
C0294,T01QLH
C0294,T98RXH
C0296,T43DMF
C0297,T46K2X
C0298,T73LPO
C0299,T17E49
C0299,T95LIF
C0299,T49ORJ
C0299,T64BED
C0300,T28PHS
C0300,T96OOK
C0300,T12OUN
C0300,T32W5X
C0302,T02M5I
C0302,T42PUG
C0302,T43NBB
C0302,T34OSI
C0302,T64BPL
C0302,T08Q7W
C0302,T22NX4
C0302,T86ROZ
C0302,T33OSQ
C0302,T10HL8
C0303,T86J48
C0303,T48DQY
C0303,T89YVM
C0303,T43NBB
C0303,T22OPB
C0303,T11O8V
C0305,T36SOV
C0305,T66GX9
C0305,T91MWA
C0305,T98DNG
C0305,T06RMZ
C0305,T46YMA
C0305,T79WXA
C0305,T49TDM
C0305,T95Y0K
C0305,T50WOV
C0305,T41PB6
C0305,T78ZF2
C0305,T44LWL
C0305,T84Z2I
C0305,T27ZME
C0305,T25YP8
C0305,T93VFT
C0305,T84P70
C0305,T68EEP
C0305,T97KFC
C0305,T82ALJ
C0305,T62Y4H
C0305,T23VMI
C0305,T63W5U
C0305,T71GRQ
C0305,T31P1D
C0305,T80GUN
C0305,T50JP5
C0305,T33JS5
C0305,T08Q7W
C0305,T97FEF
C0305,T43BVC
C0305,T63YAO
C0305,T12CH9
C0305,T83RFH
C0305,T25NSJ
C0305,T45RI0
C0305,T91OUC
C0305,T94HUW
C0305,T34WJB
C0305,T08OEP
C0305,T46PRA
C0305,T63EMC
C0305,T05M8H
C0305,T80OJF
C0305,T90ZS8
C0305,T53YWQ
C0305,T58J2Y
C0305,T41BXR
C0305,T07EU4
C0305,T74KF7
C0305,T88TDZ
C0306,T97UTI
C0308,T69XEM
C0308,T06RMZ
C0308,T96OOK
C0308,T52VL6
C0308,T22J9V
C0308,T93SFQ
C0308,T28WZ9
C0308,T88TDZ
C0308,T95H9O
C0309,T87DEX
C0309,T22OPB
C0309,T86J48
C0309,T48DQY
C0309,T93SFQ
C0309,T96OOK
C0309,T20VPX
C0309,T41BXR
C0311,T61NZN
C0311,T08Q7W
C0311,T16OQ5
C0311,T66LSN
C0311,T16UHV
C0311,T20JZ2
C0311,T11S88
C0311,T91J2T
C0311,T53AOE
C0311,T21DZX
C0311,T17CNB
C0312,T76AZQ
C0312,T43R3A
C0312,T49TDM
C0314,T85U8U
C0315,T06Q1R
C0315,T21DZX
C0315,T67KTV
C0315,T63GUB
C0315,T73EVE
C0315,T75B9S
C0315,T50SX0
C0315,T95RKQ
C0315,T85U8U
C0315,T10HL8
C0315,T23VMI
C0315,T36B1Q
C0315,T18YXD
C0315,T50WOV
C0315,T64BTV
C0315,T33OPP
C0315,T84G6T
C0316,T68NCI
C0316,T47H3O
C0316,T71K92
C0316,T77W6N
C0316,T85U8U
C0316,T54KVP
C0323,T50SX0
C0323,T88QEV
C0323,T70U24
C0323,T32KWK
C0323,T69VTW
C0323,T14ENF
C0325,T92E71
C0325,T82W6S
C0325,T74LFK
C0325,T06UTD
C0325,T26KIE
C0325,T15UBS
C0325,T32YAJ
C0325,T25NSJ
C0325,T61NZN
C0325,T79WXA
C0325,T18B9T
C0325,T77RFX
C0325,T70U24
C0325,T79STG
C0325,T89VFL
C0325,T68XO1
C0325,T11RHZ
C0325,T89L4V
C0325,T79KQO
C0325,T73A8T
C0325,T24C0P
C0325,T25M2J
C0325,T88TDZ
C0325,T52VL6
C0325,T19K8W
C0325,T36H6L
C0325,T50WOV
C0325,T01S8U
C0325,T85U8U
C0325,T08Q7W
C0325,T31SR7
C0325,T52CKD
C0325,T50VJF
C0325,T95F6I
C0325,T58C7Q
C0325,T01FNJ
C0325,T15VAS
C0325,T50BY8
C0325,T82G3R
C0325,T83VW4
C0325,T54CIF
C0325,T75H3W
C0325,T13KGH
C0325,T55TEP
C0325,T88AJI
C0325,T02GD4
C0325,T24LXT
C0325,T92BZ2
C0325,T82SSI
C0325,T08BOH
C0325,T64F54
C0325,T53AOE
C0325,T42EAZ
C0325,T23TJV
C0325,T11OU8
C0325,T04WT7
C0325,T24GGY
C0325,T75B9S
C0325,T09H2Z
C0325,T75IW3
C0325,T66NVP
C0325,T59IKQ
C0325,T71K92
C0325,T42XY2
C0325,T06LRM
C0325,T93WPH
C0325,T34HYH
C0325,T17UP9
C0325,T64X48
C0325,T62P0D
C0325,T53ZQH
C0325,T71V6E
C0325,T80GUN
C0325,T22CPR
C0325,T92HNO
C0325,T93WZG
C0325,T30VOZ
C0325,T04MBA
C0325,T57B8N
C0325,T23VMI
C0325,T95Y0K
C0325,T93LMN
C0325,T82ALJ
C0325,T64BTV
C0325,T18SKL
C0325,T68OE2
C0325,T05ZAI
C0325,T56OMG
C0325,T17CZC
C0325,T20H9F
C0325,T63GUB
C0325,T58D39
C0325,T12T4H
C0325,T28V82
C0325,T88QEV
C0325,T88CW3
C0325,T85K8L
C0325,T26EZU
C0325,T37ADS
C0325,T93VFT
C0325,T34ON0
C0325,T91CUJ
C0325,T09YEF
C0325,T05P7L
C0325,T97FEF
C0325,T45KYV
C0325,T06U3P
C0325,T72BXP
C0325,T97FEH
C0325,T33KEM
C0325,T63EMC
C0325,T03CZ8
C0325,T13I7C
C0325,T45WII
C0325,T50TQS
C0325,T97KL5
C0325,T95V8S
C0325,T00T9M
C0325,T41XLQ
C0325,T22JG3
C0325,T76AZQ
C0325,T94HUW
C0325,T94WHJ
C0325,T87TVN
C0325,T48J2C
C0325,T48J1U
C0325,T70P4F
C0325,T15JRW
C0325,T02IOG
C0325,T94H37
C0325,T92FAW
C0325,T47OQP
C0325,T66T67
C0325,T97FJG
C0325,T85JI5
C0325,T40VB1
C0325,T73AR5
C0325,T07TRP
C0325,T05WU9
C0325,T63VZZ
C0325,T85S9Z
C0325,T21XA6
C0325,T33OPP
C0325,T86YQL
C0326,T11FY2
C0327,T92UWJ
C0327,T64T6J
C0327,T74QXI
C0327,T31QEZ
C0327,T11ZYR
C0327,T67Q8X
C0327,T05WWN
C0327,T31VDH
C0327,T34DZ7
C0327,T82ALJ
C0327,T42EAZ
C0327,T28HOM
C0327,T71K92
C0327,T66A7X
C0327,T92HNO
C0327,T82GHD
C0329,T70HTD
C0332,T02WMA
C0333,T88TDZ
C0333,T09GFP
C0334,T20H9F
C0335,T31JL4
C0335,T05WWN
C0335,T83YZD
C0335,T01QLH
C0335,T05O6O
C0337,T06RMZ
C0337,T85U8U
C0337,T23P74
C0337,T49TDM
C0337,T11BI7
C0337,T71BDH
C0337,T16MRU
C0337,T88TDZ
C0337,T16A2X
C0337,T23VMI
C0337,T65JYL
C0337,T53AOE
C0337,T02QBS
C0337,T79TJS
C0337,T09H2Z
C0337,T17E95
C0337,T92FAW
C0337,T71K92
C0337,T83YZD
C0337,T73LPO
C0337,T51WML
C0337,T54G8J
C0337,T30D9G
C0337,T90XYZ
C0337,T05O6O
C0337,T13QI6
C0337,T33OSQ
C0337,T71GZE
C0337,T01QLH
C0338,T77ERW
C0338,T58XLK
C0338,T20IHC
C0339,T21DZX
C0340,T68EEP
C0340,T76TED
C0340,T06RMZ
C0340,T44LWL
C0340,T22NX4
C0340,T23VMI
C0343,T54CIF
C0343,T84W8G
C0343,T61SU2
C0343,T61OY3
C0343,T30W5B
C0344,T64P00
C0344,T41BXR
C0344,T50S1H
C0344,T58FWN
C0344,T87DGB
C0344,T06VYG
C0348,T91EAB
C0348,T82S6C
C0348,T88B8X
C0348,T80R6A
C0349,T09H2Z
C0349,T71ZSO
C0350,T61NZN
C0350,T74MSM
C0350,T13KGH
C0350,T82P1P
C0350,T91CP3
C0350,T08Q7W
C0350,T16OQ5
C0350,T66LSN
C0350,T16UHV
C0350,T40SWE
C0350,T02XPT
C0350,T11S88
C0350,T60YNF
C0350,T91J2T
C0350,T20W1O
C0350,T52CKD
C0350,T70MSG
C0350,T21DZX
C0350,T01QLH
C0350,T17CNB
C0352,T43G0N
C0352,T01FVG
C0352,T73LPO
C0352,T43N2D
C0352,T38K2W
C0352,T30VNV
C0352,T67JR8
C0352,T02QBS
C0352,T51IKV
C0352,T69XVX
C0352,T63BQU
C0352,T25H22
C0352,T46AQJ
C0352,T79WXA
C0352,T85AXP
C0352,T50SJ8
C0352,T09DI4
C0352,T50SX0
C0352,T03YAI
C0352,T39FBA
C0352,T64BPL
C0352,T60KJ1
C0352,T47H3O
C0352,T13KGH
C0352,T46K2X
C0352,T31RKU
C0352,T85JI5
C0352,T81I4T
C0352,T74QXI
C0352,T54G8J
C0352,T65S3S
C0352,T68OIU
C0352,T88BCB
C0352,T01E7W
C0352,T42PUG
C0352,T67MQU
C0352,T19CUN
C0352,T01IGB
C0352,T94H37
C0352,T12PIB
C0352,T31U13
C0352,T70LAB
C0352,T93SFQ
C0352,T01CL0
C0352,T21DZX
C0352,T90QV5
C0352,T51K6D
C0352,T70HTD
C0352,T49PL1
C0352,T03CZ8
C0352,T61QXV
C0352,T82JWE
C0352,T92BZ2
C0352,T06RMZ
C0352,T38T1U
C0352,T04TWI
C0352,T94S85
C0352,T48XM4
C0352,T87WYU
C0352,T23P74
C0352,T34DZ7
C0352,T71GRQ
C0352,T99XQ3
C0352,T66BXF
C0352,T26KIE
C0352,T08Q7W
C0352,T09H2Z
C0352,T80OJF
C0352,T80GUN
C0352,T49TDM
C0352,T44LWL
C0352,T65JYL
C0352,T88TDZ
C0352,T23VMI
C0352,T00CXT
C0352,T10HL8
C0352,T97FEF
C0352,T41INV
C0352,T84W8G
C0352,T24LXT
C0352,T07TMB
C0352,T64W2K
C0352,T41TXS
C0352,T28EY5
C0352,T54SZZ
C0352,T59IKQ
C0352,T24U57
C0352,T33OPP
C0352,T64BTV
C0352,T54CIF
C0352,T71K92
C0352,T80TUC
C0352,T85U8U
C0352,T37VLU
C0352,T16A2X
C0352,T88B8X
C0352,T68SE0
C0352,T74I49
C0352,T00EP2
C0352,T49ORJ
C0352,T17UP9
C0352,T88AJI
C0352,T93WZG
C0352,T42EAZ
C0352,T06MQM
C0352,T22OPB
C0352,T90XYZ
C0352,T05RAA
C0352,T67HAF
C0352,T69NG6
C0352,T82ALJ
C0352,T26EZU
C0352,T54VQA
C0352,T55EFK
C0352,T23WMS
C0352,T84P70
C0352,T20JZ2
C0352,T91EAB
C0352,T94YOD
C0352,T86ROZ
C0352,T09AAD
C0352,T67ZT3
C0352,T78ZF2
C0352,T14JZK
C0352,T64UH1
C0352,T38WWN
C0352,T78VUO
C0352,T57GP2
C0352,T79KQO
C0352,T87DEX
C0352,T52CKD
C0352,T16OQ5
C0352,T08DOL
C0352,T00H7Q
C0352,T75HMM
C0352,T77UWH
C0352,T16MRU
C0352,T54RF5
C0352,T63DP6
C0352,T25NSJ
C0352,T54N7G
C0352,T91OUC
C0352,T71BDH
C0352,T81MSV
C0352,T29MD1
C0352,T03VS9
C0352,T53AOE
C0352,T23LHE
C0352,T63YAO
C0352,T31G6V
C0352,T34HYH
C0352,T79UQC
C0352,T36SOV
C0352,T50VJF
C0352,T31SX8
C0352,T91MKC
C0352,T17CZC
C0352,T84TJB
C0352,T02WMA
C0352,T38EQ6
C0352,T63GUB
C0352,T17CNB
C0352,T09KPZ
C0352,T43LYL
C0352,T00T9M
C0352,T61DYZ
C0352,T96OOK
C0352,T05WWN
C0352,T47WT6
C0352,T02M5I
C0352,T30L86
C0352,T34Y7V
C0352,T12T4H
C0352,T57L0X
C0352,T76CGR
C0352,T83YZD
C0352,T95IYZ
C0352,T91KTQ
C0352,T04HXV
C0352,T86O9J
C0352,T18DUA
C0352,T67JME
C0352,T67X1L
C0352,T29JA7
C0352,T97ESI
C0352,T93NTV
C0352,T82S6C
C0352,T74JJN
C0352,T78ILO
C0352,T75B9S
C0352,T37ADS
C0352,T84CEG
C0352,T60XS5
C0352,T52T5O
C0352,T78EXU
C0352,T29B10
C0352,T23KDW
C0352,T31JWV
C0352,T83QHM
C0354,T79WXA
C0354,T14DX3
C0356,T40GZM
C0357,T12PIB
C0357,T82S9G
C0357,T71N8B
C0361,T05WU9
C0362,T47H3O
C0362,T13KGH
C0363,T28WZ9
C0363,T93SFQ
C0363,T30VNV
C0363,T01QLH
C0363,T05O6O
C0363,T84W8G
C0363,T69XVX
C0363,T63BQU
C0363,T65S3S
C0363,T74JJN
C0363,T13KGH
C0363,T81I4T
C0363,T70HTD
C0363,T05PKX
C0363,T53MV1
C0363,T41BXR
C0363,T06RMZ
C0363,T95Y0K
C0363,T09KPZ
C0363,T54X6V
C0363,T38K2W
C0363,T96L4T
C0363,T95GWW
C0363,T11BI7
C0363,T86ROZ
C0363,T99V1T
C0363,T68DAN
C0363,T74LFK
C0363,T73LPO
C0363,T39M81
C0363,T47YVM
C0363,T45LZI
C0363,T75A0Y
C0363,T39FBA
C0363,T50SX0
C0363,T70LAB
C0363,T67JR8
C0363,T58K62
C0363,T68XO1
C0363,T43SM9
C0363,T21CMG
C0363,T21DZX
C0363,T24D36
C0363,T74ETU
C0363,T40DIM
C0363,T92UWJ
C0363,T88AJI
C0363,T01QZQ
C0363,T02WMA
C0363,T51MC7
C0363,T87DEX
C0363,T82JWE
C0363,T93WZG
C0363,T10S5F
C0363,T85U8U
C0363,T86UXL
C0363,T71K92
C0363,T74I49
C0363,T64W2K
C0363,T23P74
C0363,T80TUC
C0363,T07TMB
C0363,T38BR0
C0363,T75H3W
C0363,T22IMH
C0363,T08Q7W
C0363,T26KIE
C0363,T79WXA
C0363,T29MD1
C0363,T45G32
C0363,T44LWL
C0363,T49TDM
C0363,T54G8J
C0363,T78ZF2
C0363,T59IKQ
C0363,T97FEF
C0363,T67ZT3
C0363,T79KQO
C0363,T09H2Z
C0363,T49ORJ
C0363,T58J2Y
C0363,T38WWN
C0363,T34HYH
C0363,T33OPP
C0363,T54CIF
C0363,T24U57
C0363,T36B1Q
C0363,T31EJG
C0363,T88TDZ
C0363,T67HAF
C0363,T81KAJ
C0363,T96OOK
C0363,T50WOV
C0363,T86UJG
C0363,T58XLK
C0363,T93VFT
C0363,T30D9G
C0363,T16A2X
C0363,T22J9V
C0363,T70SFS
C0363,T23RWU
C0363,T28K6X
C0363,T68SE0
C0363,T74D4Y
C0363,T92BZ2
C0363,T80GUN
C0363,T22OPB
C0363,T53AOE
C0363,T74QXI
C0363,T20JZ2
C0363,T17UP9
C0363,T20W1O
C0363,T67X1L
C0363,T47HTN
C0363,T42EAZ
C0363,T88QQE
C0363,T75HMM
C0363,T92LK2
C0363,T40JMU
C0363,T25NSJ
C0363,T64UH1
C0363,T85K8L
C0363,T13NLM
C0363,T43BVC
C0363,T15VAS
C0363,T90QGN
C0363,T23OTN
C0363,T69NG6
C0363,T23VMI
C0363,T26EZU
C0363,T72BXP
C0363,T57L0X
C0363,T88LSZ
C0363,T00CXT
C0363,T46NT6
C0363,T62QDU
C0363,T88ER9
C0363,T29WP4
C0363,T08DOL
C0363,T01JSX
C0363,T01QB9
C0363,T27IR2
C0363,T96ZVQ
C0363,T53QS9
C0363,T01Z6D
C0363,T32UXD
C0363,T69VYP
C0363,T04PM9
C0363,T06QUL
C0363,T21YOI
C0363,T18YXD
C0363,T69ESY
C0363,T78MBM
C0363,T37PX5
C0363,T54SZZ
C0363,T38G9K
C0363,T44BWE
C0363,T76B0A
C0363,T00YMY
C0363,T42HTA
C0363,T17CZC
C0363,T90XYZ
C0363,T97VB6
C0363,T64BTV
C0363,T63W0D
C0363,T10HL8
C0363,T02XPT
C0363,T45X9Z
C0363,T47WT6
C0363,T59EBF
C0363,T13I7C
C0363,T94H37
C0363,T95IYZ
C0363,T28HOM
C0363,T92EME
C0363,T55IBP
C0363,T50VJF
C0363,T37G49
C0363,T43N2D
C0363,T28PHS
C0363,T00HDE
C0363,T53MUA
C0363,T62P0D
C0363,T70B7U
C0363,T28HCY
C0363,T89L4V
C0363,T14JSQ
C0363,T30UDV
C0363,T98JPP
C0363,T67RBZ
C0363,T08U92
C0363,T16IWB
C0363,T07BRZ
C0363,T53YWQ
C0363,T78EMM
C0363,T35OPL
C0363,T27LA6
C0363,T71GRQ
C0363,T78PK3
C0363,T16KVU
C0363,T12IEI
C0363,T37ADS
C0363,T83YZD
C0363,T80R6A
C0363,T06MQM
C0363,T83QKS
C0363,T70EB9
C0363,T08JAV
C0363,T38EXQ
C0363,T16S8T
C0363,T31G6V
C0363,T27IAF
C0363,T26RYP
C0363,T84FSA
C0363,T28IEO
C0363,T43LYL
C0363,T47MPW
C0363,T40NB1
C0363,T72QH0
C0364,T01JSX
C0364,T88AJI
C0365,T74V1Z
C0365,T32REB
C0365,T13LKL
C0365,T04GJ1
C0365,T32OC4
C0365,T58JEK
C0365,T36TO2
C0365,T54SZZ
C0365,T01SRY
C0365,T03U05
C0365,T10FOS
C0365,T13YN2
C0365,T23P74
C0366,T82GHD
C0366,T40XHY
C0366,T27U96
C0366,T22BA6
C0366,T53BUI
C0366,T49WTT
C0366,T25Y64
C0366,T30KQB
C0366,T26KIE
C0366,T63BQU
C0366,T46BLT
C0366,T12PIB
C0366,T76B0A
C0366,T94WHJ
C0366,T54G8J
C0366,T39UT9
C0366,T28HOM
C0366,T04FNN
C0366,T21CMG
C0368,T85U8U
C0368,T23P74
C0369,T49TDM
C0369,T55L5P
C0369,T08U92
C0369,T43N2D
C0369,T46YMA
C0369,T85U8U
C0369,T58J2Y
C0369,T26KIE
C0369,T96DNP
C0369,T96OOK
C0369,T13HYI
C0369,T75EH8
C0369,T91UNL
C0369,T11BI7
C0369,T23VMI
C0370,T86CQC
C0370,T42WKC
C0371,T85AXP
C0371,T74VZV
C0371,T94WHJ
C0371,T06MQM
C0371,T33JS5
C0372,T95CFP
C0374,T68XXK
C0374,T40NB1
C0374,T16FZA
C0374,T19YQS
C0374,T12WTT
C0374,T85U8U
C0374,T67HAF
C0374,T80L9F
C0374,T17UP9
C0374,T92WFW
C0374,T23OTN
C0374,T47MPW
C0374,T68XO1
C0374,T83P5X
C0374,T50V79
C0374,T70EJM
C0374,T34DZ7
C0374,T19CUN
C0374,T06RMZ
C0374,T35KD8
C0374,T80DCQ
C0374,T83PO9
C0376,T85AXP
C0376,T23VMI
C0376,T50V79
C0376,T02QBS
C0376,T80GUN
C0376,T49TDM
C0376,T08Q7W
C0376,T76B0A
C0377,T30VNV
C0377,T23VMI
C0377,T83DDX
C0377,T06VX0
C0377,T24C0P
C0377,T77TY2
C0377,T20RA0
C0377,T74QXI
C0377,T93SFQ
C0377,T89L4V
C0377,T21Q0D
C0377,T85U8U
C0377,T33OPP
C0377,T16A2X
C0377,T64BTV
C0377,T29MD1
C0377,T87QUW
C0377,T71BDH
C0377,T53AOE
C0377,T04WT7
C0377,T04H8Y
C0377,T57HGP
C0377,T58J2Y
C0377,T71K92
C0381,T02QBS
C0382,T82ALJ
C0382,T88TDZ
C0383,T24F1A
C0383,T32JN2
C0383,T56TXY
C0383,T38WWN
C0383,T00CXT
C0383,T16A2X
C0383,T30D9G
C0383,T47DIY
C0383,T93VFT
C0383,T48J1U
C0383,T06RMZ
C0383,T50V79
C0383,T92HNO
C0383,T23Z2G
C0383,T97F4Y
C0383,T41S16
C0383,T75H3W
C0383,T02FO3
C0383,T10I26
C0383,T14JSX
C0383,T44LWL
C0383,T44S1A
C0383,T74JJN
C0383,T20PAH
C0383,T26EZU
C0383,T46K2X
C0388,T96OOK
C0388,T92FAW
C0388,T02P7Q
C0388,T81I4T
C0388,T42EAZ
C0388,T06RMZ
C0388,T83ENN
C0388,T33KFW
C0390,T21EGX
C0390,T33OPP
C0390,T08Q7W
C0390,T63EMC
C0391,T13KGH
C0391,T44LWL
C0391,T79KQO
C0391,T31MUM
C0391,T82G5G
C0391,T54CIF
C0391,T17UP9
C0391,T96OOK
C0392,T38EQ6
C0392,T06Q1R
C0392,T79WXA
C0392,T06RMZ
C0392,T75B9S
C0393,T93SFQ
C0394,T42EAZ
C0395,T71BDH
C0395,T02QBS
C0395,T88TDZ
C0395,T85U8U
C0395,T74I49
C0395,T85NRC
C0395,T20E5P
C0395,T17E95
C0395,T80TUC
C0395,T71K92
C0395,T16MRU
C0395,T62P0D
C0395,T74LFK
C0395,T34U48
C0395,T91D6X
C0395,T79BDP
C0397,T11ZYR
C0397,T58J2Y
C0397,T24OK4
C0397,T79WXA
C0397,T25NSJ
C0397,T88TDZ
C0397,T25Y64
C0397,T76C5R
C0397,T77WRE
C0397,T13KGH
C0397,T83COK
C0397,T39T57
C0397,T61NZN
C0397,T29B10
C0397,T84YTJ
C0397,T03GNH
C0397,T08Q7W
C0397,T39GNZ
C0397,T97ZTQ
C0397,T86YQL
C0397,T48ZIG
C0397,T36O3K
C0397,T31QEZ
C0397,T84W8G
C0397,T64BED
C0397,T25RHJ
C0397,T78BSU
C0397,T04MBA
C0397,T17UP9
C0397,T53Z7Y
C0397,T69XVX
C0397,T91MKC
C0397,T94H37
C0397,T73ZPO
C0397,T54CIF
C0397,T10HL8
C0397,T52VL6
C0397,T19K8W
C0397,T15URL
C0397,T21DZX
C0397,T76TED
C0397,T20E5P
C0397,T67HXL
C0397,T91MWA
C0397,T53TBQ
C0397,T13M0G
C0397,T01QLH
C0397,T34ZZ0
C0399,T11GYO
C0399,T08UWG
C0399,T87UKX
C0399,T92UBJ
C0399,T16MRJ
C0399,T20HY9
C0399,T43FA8
C0399,T60LKM
C0399,T93WZG
C0399,T90ZS8
C0399,T09H2Z
C0399,T74JJN
C0399,T14W2H
C0399,T69DAO
C0399,T64UH1
C0399,T44KU9
C0399,T61OY3
C0399,T69NG6
C0399,T20TB8
C0399,T33OSQ
C0399,T22OPB
C0399,T93YV8
C0399,T86ROZ
C0399,T03G09
C0400,T87DEX
C0400,T09H2Z
C0400,T16A2X
C0400,T84P70
C0400,T69NG6
C0400,T42Q3K
C0400,T00EP2
C0407,T18CPB
C0412,T96PBE
C0412,T74QXI
C0412,T30D9G
C0412,T47G3X
C0412,T64BTV
C0412,T23OTN
C0412,T84G6T
C0412,T53GFX
C0416,T58XLK
C0416,T77PFO
C0416,T50WOV
C0416,T04V7K
C0416,T51U9M
C0416,T07TMB
C0416,T79WXA
C0417,T28IL8
C0419,T70HTD
C0419,T02QBS
C0419,T50V79
C0419,T12WTT
C0419,T50GQE
C0419,T86YQL
C0419,T13I7C
C0419,T26EZU
C0419,T36I66
C0419,T45WII
C0419,T74I49
C0419,T80TUC
C0419,T85AXP
C0419,T28DIY
C0420,T85U8U
C0421,T22OPB
C0421,T52VL6
C0421,T19K8W
C0421,T84W8G
C0421,T11BI7
C0421,T68DAN
C0421,T50C67
C0421,T77W6N
C0421,T92BZ2
C0421,T93RBO
C0421,T06RMZ
C0421,T48YPL
C0421,T36YWU
C0421,T18T1M
C0421,T59IKQ
C0421,T53QS9
C0421,T44NOG
C0421,T59Y35
C0421,T17UP9
C0421,T10HL8
C0421,T89G4M
C0421,T73QS1
C0421,T82VBE
C0421,T40Q1D
C0423,T46K2X
C0423,T76NQY
C0424,T22XGJ
C0424,T71QVU
C0425,T54SZZ
C0425,T75H3W
C0425,T10S5F
C0425,T64W2K
C0425,T86ROZ
C0425,T63BQU
C0425,T02IOG
C0425,T06MXL
C0426,T74JJN
C0426,T09TCJ
C0426,T20KA8
C0426,T78T4E
C0426,T25M2J
C0426,T93WZG
C0426,T06ZFC
C0426,T80Q3D
C0426,T85NRC
C0426,T12PIB
C0426,T08Q7W
C0426,T09H2Z
C0427,T43G0N
C0427,T69XEM
C0427,T70HTD
C0427,T02QBS
C0427,T69RXK
C0427,T85AXP
C0427,T06RMZ
C0427,T10HL8
C0427,T42EAZ
C0427,T59IKQ
C0428,T26KIE
C0428,T85U8U
C0428,T50SX0
C0428,T44LWL
C0428,T79KQO
C0428,T49TDM
C0428,T53FF1
C0428,T88TDZ
C0428,T75NEV
C0428,T29MD1
C0428,T48YPL
C0428,T53SLQ
C0428,T89EW0
C0428,T11BI7
C0428,T23VMI
C0428,T79WXA
C0428,T67ZT3
C0428,T31SX8
C0428,T45G32
C0428,T82G3R
C0428,T92CLX
C0428,T81I6O
C0428,T02QBS
C0428,T63GUB
C0428,T85AXP
C0428,T64W2K
C0428,T74JJN
C0428,T82JWE
C0428,T34E5V
C0428,T90ZS8
C0428,T93VFT
C0428,T71K92
C0428,T26EZU
C0428,T64UH1
C0428,T67LQK
C0428,T71BDH
C0428,T22OPB
C0428,T80TUC
C0429,T00VON
C0430,T71BV3
C0430,T30D9G
C0430,T83YZD
C0430,T67ZT3
C0430,T85U8U
C0430,T88TDZ
C0430,T79WXA
C0430,T57L0X
C0430,T88B8X
C0430,T20VPX
C0430,T23VMI
C0430,T63GUB
C0430,T94K7H
C0430,T95IYZ
C0430,T55TEP
C0430,T96OOK
C0433,T35OJ9
C0433,T51IKV
C0433,T82ZE8
C0433,T28PHS
C0433,T84W8G
C0433,T01FJS
C0433,T63BQU
C0433,T95A1B
C0439,T50WOV
C0441,T42O1D
C0444,T95VJ9
C0444,T47YS7
C0444,T83YZD
C0444,T80GUN
C0447,T18LX5
C0447,T80TUC
C0448,T71K92
C0448,T80TUC
C0449,T89YVM
C0449,T43NBB
C0450,T14ENF
C0450,T70HTD
C0450,T68BGR
C0450,T66JU3
C0450,T12T4H
C0450,T75B9S
C0450,T92WFW
C0450,T96N1K
C0453,T18DUA
C0455,T49ORJ
C0457,T00CXT
C0457,T08Q7W
C0457,T08DOL
C0457,T13KGH
C0458,T74JJN
C0458,T92E71
C0458,T11GYO
C0459,T22OPB
C0459,T58J2Y
C0459,T33KFW
C0464,T11HTL
C0464,T39M6J
C0464,T45X9Z
C0464,T85U8U
C0464,T92BZ2
C0464,T50WOV
C0464,T80TUC
C0464,T25NSJ
C0464,T79WXA
C0466,T76KYI
C0467,T79KQO
C0467,T81I4T
C0467,T74QXI
C0471,T82JWE
C0471,T05V67
C0474,T74P7I
C0475,T74P7I
C0475,T22OPB
C0475,T27M4K
C0475,T85U8U
C0475,T80PUR
C0475,T38T1U
C0475,T64LKA
C0475,T24C0P
C0475,T23P74
C0475,T94K7H
C0475,T39M6J
C0475,T71BV3
C0475,T68VY3
C0475,T91X8E
C0475,T44ISH
C0475,T97FEF
C0476,T58XLK
C0476,T90ZKN
C0476,T70OGQ
C0476,T83YZD
C0476,T63GUB
C0476,T73EVE
C0476,T75B9S
C0476,T45G32
C0476,T34FQX
C0476,T74QOR
C0476,T25NSJ
C0476,T79WXA
C0476,T04H8Y
C0476,T58J2Y
C0476,T57L0X
C0476,T68XXK
C0476,T01QLH
C0476,T57HGP
C0476,T32KN9
C0476,T49ORJ
C0476,T12PIB
C0476,T06RMZ
C0476,T50SX0
C0476,T49TDM
C0476,T44LWL
C0476,T79KQO
C0476,T26KIE
C0476,T23VMI
C0476,T33OPP
C0476,T24U57
C0476,T72BXP
C0476,T42EAZ
C0476,T88QQE
C0476,T96OOK
C0476,T71K92
C0476,T74I49
C0476,T39YUJ
C0476,T85U8U
C0476,T80OJF
C0476,T80GUN
C0476,T20H9F
C0476,T95H9O
C0476,T38T1U
C0476,T80TUC
C0476,T38OH4
C0476,T23P74
C0476,T82JWE
C0476,T77FOL
C0476,T00CXT
C0476,T08Q7W
C0476,T27U96
C0476,T64BTV
C0476,T10HL8
C0476,T09H2Z
C0476,T02GD4
C0476,T10S5F
C0476,T22IMH
C0476,T38BR0
C0476,T75H3W
C0476,T74JJN
C0476,T64W2K
C0476,T93WZG
C0476,T64UH1
C0476,T75HMM
C0476,T04UTZ
C0476,T80OPZ
C0476,T53ES3
C0476,T88TDZ
C0476,T04A6O
C0476,T50WOV
C0476,T92BZ2
C0476,T14LSK
C0476,T91OUC
C0476,T59IKQ
C0476,T64X48
C0476,T61OY3
C0476,T37WQE
C0476,T16DCZ
C0478,T13KGH
C0478,T31MUM
C0478,T88AJI
C0478,T64UH1
C0478,T22H8P
C0479,T70KPE
C0479,T49TDM
C0479,T26KIE
C0479,T06VX0
C0479,T98QOA
C0479,T67KTV
C0479,T31EJG
C0479,T09INZ
C0479,T35QZO
C0479,T80TUC
C0479,T79WXA
C0479,T68SE0
C0479,T58J2Y
C0481,T37CIB
C0481,T50WOV
C0481,T88BCB
C0481,T85AXP
C0481,T97FEF
C0481,T22OPB
C0481,T39FBA
C0481,T21EGX
C0482,T44LWL
C0482,T06MXL
C0482,T40LTN
C0482,T02WMA
C0482,T25H22
C0482,T56TXY
C0482,T64F54
C0482,T24G2P
C0482,T06RMZ
C0482,T89GFN
C0482,T88TDZ
C0482,T68SE0
C0482,T09H2Z
C0482,T26KIE
C0482,T23VMI
C0482,T79WXA
C0482,T32ECR
C0482,T50E9D
C0482,T10HL8
C0482,T24U57
C0482,T63GUB
C0482,T82ALJ
C0482,T79KQO
C0482,T17CNB
C0482,T21T2E
C0482,T70SFS
C0482,T16A2X
C0482,T50WOV
C0482,T56MD7
C0482,T87CV3
C0482,T08Q7W
C0482,T42EAZ
C0482,T21Q0D
C0482,T26EZU
C0482,T53AOE
C0482,T02QBS
C0482,T63BQU
C0482,T70HTD
C0482,T11R4S
C0482,T47MPW
C0482,T59IKQ
C0482,T85U8U
C0482,T30KQB
C0482,T42XY2
C0482,T30D9G
C0482,T02OOS
C0482,T23P74
C0482,T26TBJ
C0482,T32EIL
C0482,T92LEW
C0482,T96ABY
C0482,T50V79
C0482,T83YZD
C0482,T02IOG
C0482,T71B0A
C0482,T93SFQ
C0482,T94H37
C0482,T78ZF2
C0482,T28HOM
C0482,T36SOV
C0482,T17CZC
C0482,T40JZG
C0483,T86CQC
C0483,T85U8U
C0483,T58XLK
C0483,T82ALJ
C0483,T83YZD
C0483,T87O4D
C0483,T04LY5
C0483,T67JR8
C0483,T44LWL
C0484,T20JZ2
C0484,T05RAA
C0484,T83P5X
C0484,T06RMZ
C0484,T56TXY
C0485,T02QBS
C0485,T85U8U
C0485,T88AJI
C0485,T92BZ2
C0485,T62P0D
C0485,T06RMZ
C0485,T91OUC
C0485,T31U13
C0485,T44LWL
C0485,T54G8J
C0485,T82JWE
C0485,T80OJF
C0485,T71K92
C0485,T08Q7W
C0485,T75HMM
C0485,T17UP9
C0485,T32R5L
C0485,T09H2Z
C0485,T82ALJ
C0485,T93WZG
C0485,T73HMK
C0485,T64W2K
C0485,T33OPP
C0485,T54CIF
C0485,T80TUC
C0485,T04MBA
C0485,T88TDZ
C0485,T00CXT
C0485,T04WT7
C0485,T26KIE
C0485,T17CZC
C0485,T67UWO
C0485,T49TDM
C0485,T02IOG
C0485,T67LQK
C0485,T23VMI
C0485,T93PLN
C0485,T42EAZ
C0485,T74D4Y
C0485,T43N2D
C0485,T50VJF
C0485,T53KRS
C0485,T10S5F
C0485,T38G9K
C0485,T79WXA
C0486,T93SFQ
C0486,T06RMZ
C0486,T78VUO
C0486,T18SEF
C0486,T88TDZ
C0486,T31EJG
C0486,T85U8U
C0486,T81I4T
C0486,T22OPB
C0486,T74UH3
C0486,T71K92
C0487,T02QBS
C0488,T30D9G
C0489,T12PIB
C0491,T71K92
C0491,T80TUC
C0491,T85U8U
C0491,T86ROZ
C0491,T09H2Z
C0493,T65S3S
C0495,T83BVT
C0495,T88TDZ
C0497,T96OOK
C0497,T52VL6
C0497,T19K8W
C0498,T88BCB
C0498,T46J84
C0499,T24LXT
C0499,T94JI0
C0502,T58XLK
C0504,T53YWQ
C0504,T77M4W
C0504,T71K92
C0504,T82JWE
C0504,T85U8U
C0504,T23P74
C0504,T80TUC
C0504,T64BTV
C0504,T30VNV
C0504,T06RMZ
C0505,T67LQK
C0505,T44LWL
C0505,T09H2Z
C0505,T49TDM
C0505,T79WXA
C0505,T80GUN
C0507,T23P74
C0507,T31EJG
C0508,T67CB6
C0509,T53GHU
C0510,T49ORJ
C0510,T80TUC
C0510,T96OOK
C0512,T74QXI
C0512,T62TXV
C0512,T25UYT
C0512,T74V1Z
C0512,T79WXA
C0512,T76B0A
C0512,T94FQR
C0512,T56X9Z
C0513,T49ORJ
C0513,T49PL1
C0514,T06RMZ
C0516,T69H7G
C0517,T75HMM
C0518,T96OOK
C0518,T23P74
C0518,T38T1U
C0518,T80PUR
C0518,T85U8U
C0518,T16Q09
C0518,T49QKE
C0518,T58MTG
C0518,T63TJE
C0518,T74I49
C0518,T80TUC
C0519,T08VQQ
C0519,T84FSA
C0519,T20JZ2
C0520,T22OPB
C0520,T88AJI
C0522,T17E49
C0522,T47H3O
C0523,T06RMZ
C0524,T68HNO
C0524,T61LV9
C0524,T76MVQ
C0524,T08U92
C0526,T47H3O
C0526,T98RXH
C0526,T22OPB
C0526,T86ROZ
C0527,T67RBZ
C0527,T79WXA
C0527,T08U92
C0527,T27LA6
C0527,T88TDZ
C0527,T39M6J
C0527,T88QQE
C0527,T31P1D
C0527,T82JWE
C0527,T80TUC
C0528,T83YZD
C0528,T33OPP
C0529,T05TS9
C0532,T25UYT
C0532,T39RV3
C0532,T75IW3
C0532,T25H22
C0532,T78ZF2
C0532,T08Q7W
C0533,T26RYP
C0533,T87Y6K
C0534,T42EAZ
C0536,T26EZU
C0536,T71K92
C0538,T08Q7W
C0538,T32PI2
C0538,T64SK3
C0538,T37VLU
C0538,T00CXT
C0538,T34DZ7
C0538,T33OPP
C0538,T84XW5
C0538,T52FON
C0538,T06MQM
C0539,T04H8Y
C0539,T25Y64
C0539,T83YZD
C0540,T92FAW
C0540,T57RCH
C0540,T63GUB
C0540,T40JZG
C0540,T71K92
C0540,T29MD1
C0540,T82JWE
C0540,T58CAO
C0540,T38J3Y
C0540,T12T4H
C0540,T57FUN
C0540,T95EK6
C0540,T67HXL
C0540,T91IWA
C0541,T72J3R
C0541,T03YAI
C0541,T79WXA
C0541,T06RMZ
C0545,T20JZ2
C0545,T99T1V
C0546,T70U24
C0547,T95LIF
C0547,T49ORJ
C0548,T23VMI
C0548,T64BTV
C0549,T85U8U
C0550,T09H2Z
C0551,T77PFO
C0553,T47G3X
C0553,T85K8L
C0553,T23VMI
C0553,T10OIU
C0553,T11BI7
C0553,T99EYH
C0553,T64UH1
C0554,T61DYZ
C0554,T28PHS
C0554,T69CTT
C0554,T50V79
C0554,T74LFK
C0554,T77VME
C0554,T06RMZ
C0554,T44BA7
C0554,T84AR4
C0554,T17JU3
C0554,T99EYH
C0554,T68OIU
C0554,T67U3B
C0554,T44S1A
C0554,T49PL1
C0554,T21Q0D
C0554,T64BTV
C0554,T80SD7
C0554,T79TJS
C0554,T50MQN
C0554,T25H22
C0554,T90K33
C0554,T61M4P
C0554,T79UHV
C0554,T63YAO
C0554,T56FPY
C0554,T89EW0
C0554,T21K0F
C0554,T20JZ2
C0554,T07S6X
C0554,T92MGC
C0554,T89GCM
C0554,T75NEV
C0554,T44LWL
C0554,T34HYH
C0554,T86TYE
C0554,T01E8J
C0554,T38OH4
C0554,T30C1L
C0554,T02Z3O
C0554,T97ESI
C0554,T91DA5
C0554,T08VQQ
C0554,T80XW6
C0554,T04H8Y
C0554,T75SPS
C0554,T23VMI
C0554,T94K7H
C0554,T66IUC
C0554,T95EU5
C0557,T25HFR
C0557,T38E7P
C0557,T29TYJ
C0562,T08QRJ
C0562,T23XR4
C0562,T23IBY
C0563,T80TUC
C0564,T08Q7W
C0564,T09H2Z
C0567,T64BED
C0568,T55NC2
C0568,T78ILO
C0568,T81I4T
C0568,T36SOV
C0568,T28Z4N
C0568,T67U3B
C0568,T43NBB
C0568,T10JEU
C0569,T85U8U
C0569,T25RTY
C0569,T77O2V
C0569,T47H3O
C0569,T01HJQ
C0569,T86J48
C0569,T89GCM
C0569,T90XYZ
C0569,T43Y5O
C0569,T44S1A
C0569,T74P7I
C0569,T68WYW
C0570,T37SKN
C0572,T26KIE
C0572,T23VMI
C0572,T17CZC
C0572,T48TW0
C0573,T34I45
C0574,T32KN9
C0574,T99V1T
C0574,T89G4M
C0577,T64BTV
C0578,T23VMI
C0578,T64BTV
C0578,T33OPP
C0578,T08Q7W
C0578,T09H2Z
C0581,T06PVX
C0582,T24VHL
C0582,T29TYJ
C0583,T23VMI
C0583,T08Q7W
C0583,T33OPP
C0583,T69NG6
C0586,T68SE0
C0587,T35OJ9
C0587,T28PHS
C0587,T84W8G
C0587,T51IKV
C0587,T92E71
C0587,T01FJS
C0587,T95A1B
C0587,T43N2D
C0587,T45G32
C0587,T63BQU
C0587,T31JWV
C0588,T13KGH
C0588,T31MUM
C0588,T82G5G
C0589,T86ROZ
C0589,T47MPW
C0589,T10HL8
C0590,T64T4I
C0590,T85U8U
C0590,T88AJI
C0590,T11GHO
C0590,T71K92
C0590,T29JZ3
C0590,T93W1J
C0590,T57WWD
C0590,T42EAZ
C0590,T88QQE
C0590,T77A47
C0590,T07TMB
C0590,T24LXT
C0590,T82JWE
C0590,T67LQK
C0590,T02IOG
C0590,T64W2K
C0591,T31ZFD
C0593,T75RAR
C0593,T00H7Q
C0594,T93SFQ
C0596,T23VMI
C0597,T06RMZ
C0598,T42EAZ
C0598,T88AJI
C0601,T85NRC
C0601,T55NC2
C0601,T78ILO
C0601,T81I4T
C0601,T53MEP
C0601,T36SOV
C0601,T28Z4N
C0601,T43NBB
C0601,T10JEU
C0601,T28V82
C0602,T50WOV
C0603,T50VJF
C0603,T94S85
C0604,T64BTV
C0604,T23VMI
C0604,T44LWL
C0606,T34I45
C0606,T70U24
C0606,T83YZD
C0606,T22H7B
C0606,T25S8M
C0606,T86ROZ
C0606,T71BDH
C0606,T23VMI
C0606,T93W1J
C0606,T75B9S
C0609,T83YZD
C0609,T33U1S
C0610,T30VNV
C0610,T12T4H
C0610,T83QHM
C0610,T10HL8
C0610,T42EAZ
C0610,T88QQE
C0610,T11GHO
C0611,T80TUC
C0611,T71K92
C0611,T02GD4
C0611,T57HGP
C0612,T91AIW
C0612,T77PFO
C0612,T38AWT
C0613,T20QNR
C0613,T98RXH
C0617,T38OH4
C0617,T68XO1
C0617,T14V9R
C0617,T21DZX
C0617,T49TDM
C0617,T31P1D
C0617,T79WXA
C0618,T48YPL
C0619,T96OOK
C0621,T85U8U
C0622,T22OPB
C0622,T88AJI
C0623,T71K92
C0623,T80TUC
C0625,T74P7I
C0626,T09INZ
C0627,T25M2J
C0627,T53KY7
C0627,T49TDM
C0627,T45X9Z
C0627,T88TDZ
C0627,T93WZG
C0627,T53AOE
C0627,T43HES
C0627,T42EAZ
C0627,T87FX7
C0627,T67ZT3
C0627,T33OPP
C0627,T80GUN
C0627,T40JZG
C0627,T15JRW
C0627,T85U8U
C0627,T96OOK
C0627,T21EGX
C0627,T64BTV
C0627,T29MD1
C0627,T57HGP
C0627,T80TUC
C0627,T71K92
C0632,T85U8U
C0632,T23P74
C0632,T38T1U
C0636,T81I4T
C0637,T83YZD
C0637,T09H2Z
C0638,T08Q7W
C0639,T34I45
C0639,T16A2X
C0639,T70HTD
C0639,T79WXA
C0639,T12T4H
C0639,T09H2Z
C0639,T23VMI
C0639,T42O1D
C0639,T02QBS
C0639,T76B0A
C0639,T30D9G
C0639,T42EAZ
C0639,T64BTV
C0639,T85IZ0
C0639,T95IYZ
C0639,T04WT7
C0639,T52GFD
C0639,T78IOY
C0639,T23TJV
C0639,T78KL2
C0639,T56TXY
C0639,T43N2D
C0639,T15VAS
C0639,T27LA6
C0639,T64V6C
C0639,T25H22
C0639,T26KIE
C0639,T44LWL
C0639,T10HL8
C0639,T02DYS
C0639,T88AJI
C0639,T17CZC
C0639,T96OOK
C0639,T14LSK
C0639,T36B1Q
C0639,T17UP9
C0639,T32IXS
C0639,T91F6Z
C0639,T08Q7W
C0639,T25C2G
C0639,T37ADS
C0639,T50V79
C0639,T69NG6
C0639,T62P0D
C0639,T20H9F
C0639,T03O7G
C0639,T82RFG
C0639,T73WJH
C0639,T63GUB
C0639,T45G32
C0639,T88TDZ
C0639,T80TUC
C0639,T01P7T
C0639,T02P7Q
C0639,T75OVL
C0639,T71K92
C0639,T85U8U
C0639,T00EP2
C0639,T31P1D
C0639,T85AB0
C0639,T85HMF
C0639,T80GUN
C0639,T80OJF
C0639,T64T6J
C0639,T63M1G
C0639,T86ROZ
C0639,T01E8J
C0639,T56G7O
C0639,T54CIF
C0639,T28HOM
C0639,T24U57
C0639,T59IKQ
C0639,T13HLX
C0639,T18CPB
C0640,T84W8G
C0640,T42DE3
C0640,T28I32
C0640,T25YP8
C0640,T42EAZ
C0641,T79KQO
C0641,T04WT7
C0641,T10S5F
C0641,T26KIE
C0641,T53AOE
C0641,T63GUB
C0641,T23VMI
C0641,T44LWL
C0641,T33OPP
C0641,T47G3X
C0641,T26EZU
C0641,T71K92
C0641,T82JWE
C0642,T30TYH
C0642,T75EH8
C0642,T74QXI
C0642,T71K92
C0642,T86ROZ
C0642,T77FOL
C0642,T87WYU
C0642,T48XM4
C0642,T82ALJ
C0642,T25SMR
C0642,T94H37
C0642,T09KPZ
C0642,T24YWQ
C0642,T03IB6
C0642,T53AOE
C0642,T06RMZ
C0643,T86ROZ
C0643,T80TUC
C0643,T71K92
C0643,T11BI7
C0643,T01E8J
C0646,T85AXP
C0646,T69RXK
C0646,T23VMI
C0646,T33OPP
C0646,T95IYZ
C0646,T28HOM
C0646,T44LWL
C0646,T93WZG
C0650,T82P0Z
C0650,T94H37
C0651,T17E95
C0651,T66GX9
C0651,T78ZF2
C0652,T92HNO
C0652,T50SX0
C0652,T94K7H
C0652,T83YZD
C0652,T22OPB
C0652,T88B8X
C0652,T91OUC
C0652,T27BN7
C0653,T43N2D
C0653,T30D9G
C0653,T94AGC
C0653,T48K08
C0656,T63GUB
C0658,T43G0N
C0658,T02QBS
C0658,T85AXP
C0659,T49TDM
C0659,T80GUN
C0659,T71K92
C0659,T80TUC
C0660,T98RXH
C0660,T40NB1
C0660,T94S85
C0660,T18SKL
C0660,T31P1D
C0660,T71K92
C0660,T32ECR
C0661,T08Q7W
C0661,T23VMI
C0661,T09H2Z
C0663,T77TY2
C0663,T67CB6
C0664,T42EAZ
C0664,T88QQE
C0664,T13KGH
C0664,T06RMZ
C0664,T83P5X
C0664,T85U8U
C0665,T30D9G
C0666,T12T4H
C0667,T50PIC
C0668,T38T1U
C0668,T85U8U
C0668,T83P5X
C0668,T47H3O
C0668,T34DZ7
C0668,T37VLU
C0668,T50V79
C0668,T51UV4
C0668,T69NG6
C0668,T09H2Z
C0668,T23VMI
C0669,T23VMI
C0669,T33OPP
C0670,T60XJI
C0670,T67KTV
C0671,T85U8U
C0671,T71K92
C0671,T80TUC
C0672,T85U8U
C0672,T54VQA
C0672,T41TXS
C0672,T26EZU
C0672,T71K92
C0672,T80TUC
C0672,T12CVR
C0674,T23VMI
C0674,T33OPP
C0677,T72U9G
C0678,T55IBP
C0679,T59NBL
C0679,T86W77
C0679,T36QDK
C0679,T15EJV
C0679,T58J2Y
C0680,T08Q7W
C0681,T68SE0
C0683,T82S9G
C0684,T43SM9
C0685,T66GX9
C0685,T69ZIZ
C0685,T19Y64
C0685,T25YP8
C0685,T46PRA
C0685,T75B9S
C0687,T58J2Y
C0690,T05RYU
C0690,T29MD1
C0690,T10HL8
C0690,T65CYN
C0691,T21Q0D
C0691,T37VLU
C0691,T50V79
C0694,T11BI7
C0696,T49TDM
C0696,T17FIA
C0696,T95IYZ
C0696,T74OAM
C0696,T79WXA
C0696,T25NSJ
C0696,T27ST0
C0697,T06RMZ
C0700,T84W8G
C0700,T67KTV
C0700,T85U8U
C0700,T83YZD
C0700,T47G3X
C0700,T04WT7
C0700,T94S85
C0700,T34DZ7
C0700,T50V79
C0700,T00T9M
C0700,T53AOE
C0700,T61J7T
C0700,T94H37
C0700,T63BQU
C0700,T25H22
C0700,T82JWE
C0700,T93LMN
C0700,T25YP8
C0700,T64BTV
C0700,T17CNB
C0700,T49TDM
C0700,T88AJI
C0700,T12T4H
C0701,T69ZIZ
C0701,T19Y64
C0701,T39PME
C0702,T74QXI
C0702,T93WZG
C0703,T30VNV
C0703,T37SV3
C0703,T71BDH
C0706,T13KGH
C0708,T69RXK
C0708,T85AXP
C0708,T16QQC
C0709,T18LX5
C0709,T03XRZ
C0710,T84VZG
C0713,T87C5Q
C0713,T86D6K
C0713,T13KGH
C0713,T61SU2
C0713,T12PIB
C0713,T48NTH
C0713,T31JWV
C0713,T32SPJ
C0713,T63YAO
C0713,T85U8U
C0713,T88TDZ
C0713,T71K92
C0713,T80TUC
C0713,T86ROZ
C0713,T85AXP
C0713,T03CZ8
C0713,T50WOV
C0713,T06Q1R
C0713,T80GUN
C0713,T49TDM
C0713,T43N2D
C0713,T57GP2
C0713,T20JZ2
C0713,T68OIU
C0713,T22OPB
C0714,T13KGH
C0716,T13H17
C0716,T47F48
C0716,T71K92
C0717,T58J2Y
C0717,T22OPB
C0718,T13KGH
C0720,T09H2Z
C0720,T23VMI
C0721,T58J2Y
C0721,T43QZ3
C0721,T56TXY
C0721,T32JN2
C0721,T22OPB
C0721,T04WT7
C0721,T13KGH
C0721,T02QBS
C0721,T85U8U
C0721,T18DUA
C0721,T77M4W
C0721,T65JUB
C0721,T25SMR
C0721,T33OPP
C0721,T99ARN
C0721,T29B10
C0721,T47G3X
C0721,T19XSL
C0721,T49TDM
C0721,T12T4H
C0721,T93YV8
C0721,T65S3S
C0721,T08Q1T
C0721,T10MFU
C0721,T22NX4
C0721,T11BI7
C0721,T61J7T
C0721,T78O6C
C0723,T82JWE
C0723,T30VNV
C0727,T64BED
C0729,T19CUN
C0730,T14J1F
C0731,T41CZ3
C0732,T44LWL
C0732,T23VMI
C0733,T71K92
C0734,T88AHJ
C0734,T06RMZ
C0734,T90BQW
C0734,T67KTV
C0734,T76AZQ
C0734,T06N1B
C0734,T08Q7W
C0734,T91OUC
C0734,T31SX8
C0734,T02RA6
C0734,T03G09
C0734,T49NJW
C0734,T60WNX
C0734,T33OPP
C0734,T79KQO
C0734,T00W4R
C0734,T88ER9
C0734,T25NSJ
C0734,T79WXA
C0734,T30AEN
C0735,T92HNO
C0736,T77TY2
C0736,T30D9G
C0741,T83YZD
C0741,T13KGH
C0741,T59IKQ
C0741,T80TUC
C0741,T85U8U
C0741,T63VZZ
C0742,T85U8U
C0742,T75MO6
C0742,T88KAD
C0742,T42EAZ
C0742,T25NSJ
C0742,T79WXA
C0742,T10ICM
C0742,T33OPP
C0744,T74LRK
C0744,T30TYH
C0744,T83YZD
C0744,T75JXM
C0744,T22OPB
C0744,T38EQ6
C0744,T86ROZ
C0745,T96OOK
C0746,T24LXT
C0746,T71K92
C0746,T96OOK
C0746,T88AJI
C0749,T34Y8V
C0750,T67KTV
C0750,T57L0X
C0750,T34Y8V
C0751,T04MBA
C0752,T95LIF
C0752,T33OPP
C0753,T22OPB
C0753,T16UZ4
C0753,T06RMZ
C0753,T85U8U
C0753,T11BI7
C0753,T49ORJ
C0753,T44LWL
C0753,T27F5B
C0753,T16A2X
C0753,T30D9G
C0753,T90XYZ
C0753,T64BTV
C0753,T71K92
C0753,T13YN2
C0754,T80TUC
C0754,T85U8U
C0754,T71K92
C0754,T24CXU
C0754,T40LTN
C0757,T05O6O
C0757,T44LWL
C0757,T85U8U
C0757,T70HTD
C0757,T01QLH
C0757,T71K92
C0757,T80TUC
C0758,T49ORJ
C0759,T58J2Y
C0759,T09H2Z
C0759,T64BTV
C0759,T16OQ5
C0759,T84PM0
C0759,T68NCI
C0759,T78IOY
C0759,T85HMF
C0759,T13LU4
C0759,T42XY2
C0759,T08Q7W
C0759,T71ZSO
C0759,T28K6X
C0760,T13H17
C0761,T14J1F
C0761,T80O6V
C0763,T84W8G
C0763,T63BQU
C0763,T69XVX
C0763,T02QBS
C0766,T85U8U
C0768,T40JZG
C0769,T06RMZ
C0771,T70KPE
C0771,T09INZ
C0771,T63BQU
C0775,T26KIE
C0775,T88AJI
C0775,T79WXA
C0776,T09H2Z
C0776,T56TXY
C0776,T84XW5
C0776,T11BI7
C0776,T23VMI
C0776,T33OPP
C0776,T42EAZ
C0776,T64BTV
C0778,T38FFJ
C0778,T50WOV
C0778,T78ZF2
C0778,T00VON
C0778,T24LXT
C0778,T63BQU
C0778,T37PX5
C0778,T07TMB
C0778,T67X1L
C0778,T93WZG
C0778,T33OPP
C0778,T64BTV
C0779,T63VZZ
C0781,T06Q1R
C0783,T44LWL
C0784,T34Y8V
C0785,T10WAM
C0785,T25NSJ
C0785,T79WXA
C0786,T22OPB
C0787,T41SFE
C0787,T15M1G
C0787,T20TPU
C0787,T47H3O
C0787,T80DCQ
C0787,T67ZT3
C0787,T32ECR
C0788,T64W2K
C0788,T02IOG
C0790,T23P74
C0790,T85U8U
C0790,T64W2K
C0790,T71K92
C0790,T90ORW
C0791,T80OJF
C0791,T25YP8
C0791,T68BGR
C0791,T82VBE
C0792,T88AJI
C0792,T47H3O
C0792,T04H8Y
C0792,T02QBS
C0792,T06RMZ
C0792,T36Y8O
C0792,T96OOK
C0792,T85U8U
C0792,T23P74
C0792,T11BI7
C0792,T67JR8
C0792,T18CWB
C0792,T94DIJ
C0792,T06DT5
C0792,T06ADX
C0792,T04WT7
C0792,T15JRW
C0792,T20JZ2
C0792,T33OSQ
C0792,T43N2D
C0793,T72IYV
C0793,T50SX0
C0793,T77DWZ
C0793,T10ICM
C0793,T93SFQ
C0793,T33OPP
C0793,T67HAF
C0795,T58J2Y
C0795,T06RMZ
C0795,T40JZG
C0795,T88TDZ
C0795,T80TUC
C0795,T85U8U
C0795,T88AJI
C0795,T49ORJ
C0795,T09H2Z
C0795,T71K92
C0796,T39DP9
C0799,T93SFQ
C0799,T86ROZ
C0800,T60XJI
C0800,T18DUA
C0800,T42EAZ
C0800,T49TDM
C0801,T84W8G
C0801,T61SU2
C0801,T56TXY
C0804,T21EGX
C0806,T18CPB
C0806,T85U8U
C0806,T71K92
C0806,T12T4H
C0806,T43NBB
C0806,T64BTV
C0806,T39KQU
C0806,T25NSJ
C0806,T79WXA
C0806,T65CYN
C0807,T82S6C
C0807,T97XM0
C0808,T48J1U
C0808,T01QLH
C0808,T21EGX
C0808,T88LSZ
C0808,T25Y64
C0808,T44LWL
C0808,T05O6O
C0808,T85U8U
C0808,T16A2X
C0808,T30D9G
C0808,T23RXU
C0808,T46AQJ
C0808,T59DDI
C0808,T49ORJ
C0808,T03NWF
C0808,T95RKQ
C0808,T35FQV
C0808,T30TYH
C0808,T09H2Z
C0808,T71K92
C0808,T74JJN
C0808,T90ORW
C0808,T88TDZ
C0808,T33OSQ
C0808,T49PL1
C0808,T25NSJ
C0808,T73S71
C0808,T95IYZ
C0808,T58J2Y
C0808,T21Q0D
C0808,T84XYQ
C0809,T50SX0
C0809,T93SFQ
C0810,T16MRU
C0810,T27F5B
C0810,T04WT7
C0810,T82ALJ
C0810,T20VPX
C0810,T83QHM
C0811,T43G0N
C0811,T50WOV
C0813,T09H2Z
C0813,T80GUN
C0814,T24C0P
C0814,T84W8G
C0814,T34X07
C0814,T08KXM
C0814,T05AAL
C0814,T72KIO
C0814,T96OOK
C0815,T49WXY
C0815,T29GH0
C0816,T50SX0
C0817,T88TDZ
C0819,T49ORJ
C0822,T91SBK
C0824,T23VMI
C0824,T88TDZ
C0824,T06RMZ
C0825,T16UZ4
C0829,T70EB9
C0829,T28IEO
C0829,T72BKF
C0829,T27ST0
C0829,T18RS6
C0831,T01QLH
C0831,T59IKQ
C0832,T06RMZ
C0832,T22NX4
C0832,T24YNT
C0834,T37WQE
C0835,T50SX0
C0836,T05O6O
C0837,T24C0P
C0838,T69RXK
C0838,T02QBS
C0838,T31U13
C0839,T23VMI
C0839,T17CZC
C0839,T48TW0
C0839,T10S5F
C0839,T41TXS
C0839,T93WZG
C0839,T02IOG
C0840,T92FAW
C0840,T96OOK
C0840,T02P7Q
C0840,T42EAZ
C0840,T81I4T
C0840,T06RMZ
C0840,T22OPB
C0840,T58XLK
C0840,T44IGL
C0840,T12SOF
C0840,T71K92
C0840,T80TUC
C0840,T33KFW
C0840,T84FV7
C0841,T46E53
C0841,T58J2Y
C0842,T82P0Z
C0843,T87UKX
C0843,T96Z38
C0843,T25YJB
C0843,T12ECP
C0843,T84FNI
C0843,T49ORJ
C0843,T59IKQ
C0843,T58J2Y
C0843,T28PHS
C0843,T87N55
C0844,T25NSJ
C0845,T63BQU
C0845,T61OY3
C0845,T62USB
C0845,T80D9C
C0845,T88LSZ
C0845,T38T1U
C0845,T02GD4
C0845,T85U8U
C0845,T82JWE
C0845,T64W2K
C0845,T08Q7W
C0845,T44LWL
C0845,T71K92
C0845,T74JJN
C0845,T80TUC
C0845,T09H2Z
C0845,T88TDZ
C0845,T79KQO
C0845,T06RMZ
C0845,T26EZU
C0845,T92BZ2
C0846,T67OMA
C0846,T98OJA
C0846,T92MFC
C0846,T07NML
C0846,T23VMI
C0846,T79KQO
C0846,T33OPP
C0846,T36BW3
C0846,T57MP0
C0846,T31P1D
C0846,T80OJF
C0846,T80GUN
C0846,T49TDM
C0846,T16A2X
C0846,T64BTV
C0846,T26KIE
C0846,T33VZN
C0846,T29MD1
C0846,T84P70
C0846,T53AOE
C0846,T51P5Q
C0846,T95IYZ
C0846,T58J2Y
C0846,T25H22
C0846,T26UPI
C0846,T44LWL
C0846,T17FIA
C0846,T65DBI
C0846,T39WPZ
C0846,T05JUS
C0846,T43DMF
C0846,T76TED
C0846,T36I66
C0846,T01S8U
C0846,T26PDJ
C0846,T77UWH
C0846,T30VA7
C0846,T94S85
C0846,T26EZU
C0846,T93WZG
C0846,T10S5F
C0846,T04WT7
C0846,T63GUB
C0846,T32ECR
C0846,T48K08
C0846,T49M04
C0846,T02HZD
C0846,T70SFS
C0846,T90W59
C0849,T32JN2
C0851,T09INZ
C0853,T10HL8
C0854,T25Y64
C0854,T22H7B
C0854,T68CKY
C0854,T83YZD
C0854,T54B00
C0854,T29MD1
C0854,T25NSJ
C0854,T79WXA
C0854,T86ROZ
C0854,T53AOE
C0854,T17FIA
C0854,T68BGR
C0854,T20N45
C0854,T79O0V
C0854,T33OPP
C0858,T96OOK
C0859,T09INZ
C0859,T30TYH
C0859,T23Z2G
C0859,T11BI7
C0859,T91OUC
C0859,T26KIE
C0860,T96APO
C0860,T63V6Q
C0860,T09H2Z
C0860,T70HTD
C0861,T80GUN
C0861,T49TDM
C0863,T00T99
C0863,T21CMG
C0863,T20RA0
C0863,T81I4T
C0863,T41BYM
C0863,T85CC2
C0863,T74QXI
C0867,T38WWN
C0867,T37WU9
C0867,T59DDI
C0867,T68CKY
C0867,T16A2X
C0867,T68OIU
C0867,T32OC4
C0867,T76GLY
C0867,T80XW6
C0867,T87UKX
C0867,T19CUN
C0867,T51MX9
C0867,T38OH4
C0867,T87JTM
C0867,T70HTD
C0867,T13QI6
C0867,T67MQU
C0867,T12PIB
C0867,T16MRU
C0867,T18RS6
C0867,T30D9G
C0867,T71BDH
C0867,T28PHS
C0867,T71PEL
C0867,T25NSJ
C0867,T79WXA
C0867,T83YZD
C0867,T85U8U
C0867,T40NB1
C0867,T11GHO
C0867,T30KQB
C0867,T78ZF2
C0867,T73LPO
C0867,T74QXI
C0867,T62Y4H
C0867,T02HZD
C0867,T72QH0
C0867,T70CEJ
C0867,T22BYF
C0867,T63GUB
C0867,T55A2Y
C0867,T03R4V
C0867,T58CAO
C0867,T93YV8
C0867,T03G09
C0867,T60KU1
C0867,T98SBW
C0867,T33BVS
C0867,T17TKM
C0867,T33OSQ
C0867,T08JAV
C0867,T74SS7
C0867,T17E49
C0867,T43WIP
C0867,T25YP8
C0867,T08W1L
C0867,T94RQ2
C0867,T82JWE
C0867,T90XYZ
C0867,T64BTV
C0867,T67OMA
C0867,T26KIE
C0867,T89GCM
C0867,T69NG6
C0867,T63EMC
C0867,T49ORJ
C0867,T80TUC
C0867,T54RPK
C0867,T71K92
C0867,T33OPP
C0867,T18UDY
C0867,T88H0Y
C0867,T17LB4
C0867,T82ALJ
C0867,T58J2Y
C0867,T78EMM
C0867,T76TED
C0867,T86YQL
C0867,T67KTV
C0867,T15P3B
C0867,T70KPE
C0867,T40EUL
C0867,T40YVZ
C0867,T24LWC
C0867,T39NFM
C0867,T22OPB
C0867,T99NM4
C0867,T08VQQ
C0867,T63V6Q
C0867,T22H7B
C0867,T29JA7
C0867,T12T4H
C0867,T36RGT
C0867,T51YUR
C0867,T01QLH
C0867,T28HOM
C0867,T95M9K
C0867,T28BLO
C0867,T55EIL
C0867,T93VFT
C0867,T93QP3
C0867,T68M1D
C0867,T01E8J
C0867,T11FH6
C0867,T33F8F
C0867,T86WBI
C0867,T09H2Z
C0867,T47G3X
C0867,T23VMI
C0867,T34X07
C0867,T40JZG
C0867,T43NBB
C0867,T19RMS
C0867,T22ZML
C0867,T68BGR
C0867,T86ROZ
C0867,T06MXL
C0867,T37SV3
C0867,T76WHR
C0867,T60UPF
C0867,T41I9Y
C0867,T56QUH
C0867,T10OIU
C0867,T19XSL
C0867,T95IYZ
C0867,T70VMI
C0867,T58D39
C0867,T74JJN
C0867,T64E3A
C0867,T90ZKN
C0867,T32IXS
C0867,T82D6U
C0871,T53G91
C0872,T26KIE
C0872,T85U8U
C0872,T71BDH
C0872,T64T4I
C0872,T23VMI
C0872,T10HL8
C0872,T09H2Z
C0872,T59IKQ
C0872,T06KGA
C0872,T44LWL
C0872,T22OPB
C0872,T86ROZ
C0872,T42EAZ
C0872,T09KQF
C0877,T31U13
C0877,T85AXP
C0877,T79WXA
C0877,T25NSJ
C0877,T45X9Z
C0878,T43SM9
C0879,T12T4H
C0880,T09INZ
C0880,T63GUB
C0880,T69RXK
C0880,T21EGX
C0881,T49TDM
C0881,T13Z69
C0881,T50PQ4
C0881,T75H3W
C0881,T09KQF
C0881,T78ZF2
C0881,T26EZU
C0881,T24LXT
C0881,T07TMB
C0881,T64BTV
C0881,T23VMI
C0881,T85U8U
C0881,T82JWE
C0881,T74JJN
C0881,T80TUC
C0881,T76QBQ
C0881,T13KGH
C0881,T86UXL
C0881,T64W2K
C0881,T01QLH
C0881,T54G8J
C0881,T62Y4H
C0882,T88AJI
C0884,T08Q7W
C0884,T25H22
C0884,T79WXA
C0884,T44LWL
C0886,T24C0P
C0886,T84W8G
C0886,T34X07
C0886,T08KXM
C0886,T05AAL
C0886,T72KIO
C0886,T96OOK
C0888,T34Y8V
C0890,T23VMI
C0890,T47H3O
C0890,T09H2Z
C0890,T85U8U
C0890,T40JZG
C0890,T46K2X
C0890,T83P5X
C0891,T06RMZ
C0891,T25NSJ
C0891,T58J2Y
C0891,T05WU9
C0893,T27F5B
C0893,T04WT7
C0893,T82ALJ
C0893,T20VPX
C0893,T83QHM
C0896,T69VDZ
C0897,T41SFE
C0897,T15M1G
C0897,T20TPU
C0897,T47H3O
C0897,T80DCQ
C0897,T32ECR
C0897,T38JX9
C0899,T97KFC
C0899,T49TDM
C0899,T80GUN
C0899,T76GZS
C0899,T20JZ2
C0899,T06RMZ
C0899,T71BDH
C0899,T85AXP
C0899,T83YZD
C0899,T04MBA
C0899,T34DZ7
C0899,T79WXA
C0899,T63BQU
C0899,T23VMI
C0899,T44LWL
C0899,T08Q7W
C0899,T22XGJ
C0899,T88TDZ
C0899,T55NB7
C0899,T82ALJ
C0899,T37VLU
C0899,T16UHV
C0899,T46AQJ
C0899,T25NSJ
C0899,T09H2Z
C0899,T80TUC
C0899,T10HL8
C0899,T04TXM
C0899,T70EJM
C0899,T12WTT
C0899,T31P1D
C0899,T58TFI
C0899,T69NG6
C0899,T77M4W
C0905,T64X48
C0905,T67ZT3
C0905,T26KIE
C0905,T34DZ7
C0905,T79KQO
C0905,T44LWL
C0905,T88TDZ
C0905,T25NSJ
C0905,T80GUN
C0905,T49TDM
C0906,T01QLH
C0906,T63BQU
C0910,T96OOK
C0912,T64X48
C0914,T88LSZ
C0914,T83SXS
C0914,T16UZ4
C0914,T50V79
C0914,T42EAZ
C0914,T10ICM
C0914,T48DAP
C0914,T82ALJ
C0914,T42D4V
C0914,T64X48
C0914,T86MX7
C0914,T32R5L
C0914,T11BI7
C0914,T42PUG
C0914,T06RMZ
C0914,T71BDH
C0914,T68HNO
C0914,T58J2Y
C0914,T40DIM
C0914,T87AXU
C0914,T79WXA
C0914,T05RAA
C0914,T55IBP
C0914,T33OPP
C0914,T62USB
C0914,T32PI2
C0914,T40XWM
C0914,T74D4Y
C0914,T95K8Q
C0914,T20JZ2
C0914,T98FWP
C0914,T94VM4
C0914,T44LWL
C0914,T74I49
C0914,T75HMM
C0914,T14LSK
C0914,T08Q7W
C0914,T79KQO
C0914,T88TDZ
C0914,T42XY2
C0914,T23P74
C0914,T88AJI
C0914,T93WZG
C0914,T09H2Z
C0914,T82JWE
C0914,T54VQA
C0914,T07TMB
C0914,T86UXL
C0914,T24LXT
C0914,T64W2K
C0914,T80TUC
C0914,T35QZO
C0914,T06PVX
C0914,T71K92
C0914,T91T8I
C0914,T06IYF
C0914,T86ROZ
C0914,T10HL8
C0914,T50GQE
C0914,T75H3W
C0914,T10S5F
C0914,T22IMH
C0914,T02WMA
C0914,T85U8U
C0914,T84P70
C0914,T36SOV
C0914,T62QDU
C0914,T26KIE
C0914,T63GUB
C0914,T23VMI
C0914,T80OJF
C0914,T37VLU
C0914,T88B8X
C0914,T68SE0
C0914,T91OUC
C0914,T45G32
C0914,T21S10
C0914,T46K2X
C0914,T04TWI
C0914,T41TXS
C0914,T92UBJ
C0914,T87WMV
C0914,T00KKS
C0914,T38BR0
C0914,T78ILO
C0914,T96G89
C0914,T90ORW
C0914,T89L4V
C0914,T04UTZ
C0914,T22I6G
C0914,T25S1M
C0914,T01QLH
C0914,T05PKX
C0914,T74ETU
C0914,T69NG6
C0914,T49ORJ
C0914,T65S3S
C0914,T27LTU
C0914,T06ADX
C0914,T30L86
C0914,T26EZU
C0914,T52RGZ
C0914,T54CIF
C0914,T40JZG
C0914,T20TPU
C0914,T57HGP
C0915,T14LSK
C0916,T80OPZ
C0916,T20TB8
C0916,T20E5P
C0916,T20HY9
C0916,T00H7Q
C0916,T68R23
C0916,T25NSJ
C0916,T79WXA
C0916,T53QS9
C0916,T83QQX
C0916,T91OUC
C0916,T88TDZ
C0918,T13KGH
C0919,T64F54
C0919,T96OOK
C0919,T54SZZ
C0919,T81X6W
C0919,T92UWJ
C0919,T09H2Z
C0919,T44LWL
C0919,T79KQO
C0919,T68OIU
C0919,T41Z8G
C0919,T70OGQ
C0920,T06MQM
C0920,T21DZX
C0920,T34DZ7
C0920,T61SU2
C0920,T50SX0
C0920,T88AJI
C0920,T99XJ1
C0920,T18C4B
C0920,T19F7P
C0920,T92BZ2
C0920,T91T8I
C0920,T68R23
C0920,T33OPP
C0920,T23VMI
C0920,T68SE0
C0920,T18DUA
C0921,T40LTN
C0921,T30TYH
C0921,T82JWE
C0921,T42EAZ
C0922,T43XD8
C0923,T38OH4
C0924,T06RMZ
C0924,T29MD1
C0924,T79WXA
C0924,T58J2Y
C0924,T08Q7W
C0927,T88AJI
C0927,T64UH1
C0927,T92UWJ
C0927,T68HNO
C0927,T59EAH
C0928,T16MRU
C0928,T96OOK
C0928,T71BDH
C0928,T58J2Y
C0929,T39M81
C0929,T12EWD
C0929,T71K92
C0929,T67ZT3
C0929,T43N2D
C0929,T88IXL
C0929,T73LPO
C0929,T67CB6
C0929,T09KPZ
C0930,T68OIU
C0930,T80OJF
C0930,T00YE6
C0930,T25NSJ
C0930,T50WOV
C0930,T73V21
C0930,T97FEF
C0931,T30VNV
C0931,T49FZB
C0931,T09ICL
C0935,T79WXA
C0956,T64T6J
C0956,T92UWJ
C0956,T76SUY
C0956,T07VJT
C1030,T23VMI
C1030,T33OPP
C1030,T44LWL
C1030,T79KQO
C1030,T71K92
C1030,T80TUC
C1030,T30VNV
C1030,T74QXI
C1092,T80TUC
C1092,T71K92
C1114,T84W8G
C1114,T91N2D
C1114,T09H2Z
C1114,T86D6K
C1114,T48NTH
C1114,T31JWV
C1114,T32SPJ
C1114,T12PIB
C1114,T61SU2
C1114,T13KGH
C1114,T41INV
C1114,T79WXA
C1114,T71KM2
C1114,T32JN2
C1114,T15ZAV
C1114,T50WOV
C1114,T02QZI
C1114,T88TDZ
C1114,T44LWL
C1114,T63GUB
C1114,T87WH7
C1114,T16UHV
C1114,T54N7G
C1114,T71K92
C1114,T80TUC
C1114,T35QZO
C1114,T85U8U
C1114,T88AJI
C1114,T07TMB
C1114,T24LXT
C1114,T30VNV
C1114,T01QLH
C1114,T26KIE
C1114,T20JZ2
C1114,T42EAZ
C1114,T87C5Q
C1114,T45G32
C1114,T08Q7W
C1114,T10KMJ
C1114,T54WR0
C1114,T58TOI
C1114,T82JWE
C1114,T49TDM
C1114,T86ROZ
C1114,T43N2D
C1114,T85AXP
C1114,T63YAO
C1114,T68OIU
C1114,T03CZ8
C1114,T22OPB
C1114,T74QXI
C1114,T06Q1R
C1114,T80GUN
C1125,T33OPP
C1125,T56TXY
C1125,T49TDM
C1125,T04WT7
C1125,T65S3S
C1125,T13KGH
C1125,T43QZ3
C1125,T58J2Y
C1125,T22NX4
C1125,T11BI7
C1125,T65JUB
C1125,T61J7T
C1125,T78O6C
C1125,T09DI4
C1125,T73PLT
C1125,T32REB
C1125,T64BTV
C1125,T23VMI
C1125,T33JS5
C1125,T96OOK
C1125,T30D9G
C1125,T02QBS
C1125,T29B10
C1125,T80TUC
C1125,T71K92
C1125,T19XSL
C1125,T93YV8
C1125,T47G3X
C1125,T08Q1T
C1125,T77M4W
C1125,T57L0X
C1125,T99ARN
C1125,T32JN2
C1125,T39XYV
C1125,T82ALJ
C1136,T06RMZ
C1162,T31ZFD
C1166,T49ORJ
C1166,T36HAE
C1166,T47H3O
C1166,T89GFN
C1166,T16X77
C1171,T83P5X
C1171,T81I4T
C1171,T74QXI
C1171,T49ORJ
C1171,T70HTD
C1171,T04H8Y
C1171,T33OSQ
C1171,T26KIE
C1171,T76SUY
C1171,T43N2D
C1171,T57FUN
C1171,T71BDH
C1171,T22OPB
C1171,T85U8U
C1171,T83YZD
C1171,T98RXH
C1171,T11ZYR
C1171,T83ENN
C1171,T09H2Z
C1171,T96OOK
C1171,T92P67
C1171,T67KTV
C1171,T45XTW
C1171,T52XO3
C1171,T58J2Y
C1171,T54SZZ
C1171,T20JZ2
C1171,T32GWR
C1171,T95IYZ
C1171,T38H79
C1171,T62R6K
C1171,T45G32
C1171,T80OJF
C1171,T49TDM
C1171,T78OTS
C1171,T27LA6
C1171,T28HOM
C1171,T38WWN
C1171,T28K6X
C1171,T70VB4
C1171,T20E5P
C1171,T88TDZ
C1171,T09HVO
C1171,T94H37
C1171,T10ICM
C1171,T80XW6
C1171,T38JCD
C1171,T88AJI
C1171,T29C6N
C1171,T92BZ2
C1171,T31P1D
C1171,T42EAZ
C1171,T06RMZ
C1171,T20H9F
C1171,T62P0D
C1171,T67ZT3
C1171,T82JWE
C1171,T08Q7W
C1171,T33BF9
C1171,T34WFL
C1171,T25YP8
C1172,T20JZ2
C1172,T74QOR
C1173,T02QBS
C1175,T83YZD
C1175,T85AXP
C1175,T74QXI
C1175,T70HTD
C1175,T69RXK
C1175,T93O6K
C1176,T50WOV
C1176,T19JEU
C1176,T64BTV
C1176,T23VMI
C1176,T33OPP
C1177,T45XTW
C1177,T80OJF
C1177,T95H9O
C1177,T02QBS
C1177,T83TMF
C1177,T85AXP
C1177,T17CZC
C1177,T23P74
C1177,T38T1U
C1177,T80PUR
C1177,T86ROZ
C1177,T08Q7W
C1177,T85U8U
C1177,T88TDZ
C1177,T34X07
C1177,T71K92
C1177,T26EZU
C1177,T18YXD
C1177,T42EAZ
C1177,T80GUN
C1177,T76B0A
C1177,T63YAO
C1177,T92BZ2
C1178,T23P74
C1178,T85U8U
C1178,T50SJ8
C1178,T38T1U
C1178,T71K92
C1178,T80TUC
C1178,T53AOE
C1178,T14ENF
C1178,T78ZF2
C1178,T93VFT
C1179,T29MD1
C1179,T33OSQ
C1179,T37VLU
C1179,T79WXA
C1179,T08Q7W
C1179,T20H9F
C1180,T29MD1
C1180,T96OOK
C1180,T06RMZ
C1180,T74P7I
C1180,T02O3F
C1180,T79WXA
C1180,T41A4Y
C1180,T23EWB
C1180,T38K2W
C1181,T38BR0
C1183,T67JME
C1183,T40MJF
C1183,T41Z1X
C1183,T37CD6
C1183,T56MO9
C1183,T87UF3
C1183,T02U6A
C1183,T64P00
C1183,T63GUB
C1183,T95GWW
C1183,T76B0A
C1183,T31XSX
C1183,T92XYL
C1183,T45C0Q
C1187,T08Q7W
C1187,T09H2Z
C1187,T23VMI
C1188,T66NVP
C1188,T45I46
C1188,T49ORJ
C1188,T03VS9
C1188,T58J2Y
C1188,T46K2X
C1188,T46J84
C1188,T91RI2
C1188,T23RWU
C1188,T47MPW
C1188,T80TUC
C1188,T26UZV
C1188,T58D39
C1188,T04HTN
C1190,T64X48
C1193,T50SX0
C1193,T92E71
C1193,T82S6C
C1193,T30VNV
C1193,T50WOV
C1193,T69RXK
C1193,T01QLH
C1193,T71K92
C1193,T77TY2
C1193,T51MEE
C1193,T76HDG
C1193,T83YZD
C1193,T88AJI
C1193,T30KQB
C1193,T58J2Y
C1193,T05O6O
C1193,T52NOH
C1193,T40DIM
C1193,T84W8G
C1193,T32YAJ
C1193,T57YL7
C1193,T47G3X
C1193,T18YXD
C1193,T85U8U
C1193,T43N2D
C1193,T25NSJ
C1193,T79WXA
C1193,T55TEP
C1193,T80R6A
C1193,T53SLQ
C1193,T80GUN
C1193,T15VAS
C1193,T09KQF
C1193,T88TDZ
C1193,T33OPP
C1193,T16A2X
C1193,T30VLU
C1193,T96HZ7
C1193,T08Q7W
C1193,T53IT9
C1193,T09H2Z
C1193,T30VA7
C1193,T23VMI
C1193,T63RJO
C1193,T98QOA
C1193,T05WWN
C1193,T53YWQ
C1193,T49TDM
C1193,T75F65
C1193,T63GUB
C1193,T63BQU
C1193,T88LSZ
C1193,T76TED
C1193,T11HTL
C1193,T37SV3
C1193,T18DUA
C1193,T92BZ2
C1193,T20JZ2
C1194,T73LPO
C1194,T29MD1
C1197,T79KQO
C1197,T44LWL
C1197,T85U8U
C1197,T50WOV
C1197,T18CWB
C1197,T52T5O
C1197,T06YQX
C1197,T81R79
C1197,T06IYF
C1198,T74V1Z
C1198,T68AKE
C1198,T85U8U
C1198,T78VUO
C1198,T56OUM
C1198,T59C5R
C1198,T70HTD
C1200,T68EEP
C1201,T15I0F
C1201,T44BWE
C1201,T08U92
C1201,T13WH4
C1201,T27S6H
C1201,T72BXP
C1201,T86ROZ
C1201,T04MBA
C1201,T19BO9
C1201,T10HL8
C1201,T34AW3
C1202,T85AXP
C1203,T56TXY
C1203,T31U13
C1203,T06RMZ
C1203,T25Y64
C1203,T02QBS
C1203,T11BI7
C1203,T11ZYR
C1203,T85AXP
C1203,T54X6V
C1203,T00CXT
C1203,T63BQU
C1203,T99XQ3
C1203,T08Q7W
C1203,T83YZD
C1203,T68BGR
C1203,T46YMA
C1203,T25NSJ
C1203,T79WXA
C1203,T86ROZ
C1203,T93R42
C1203,T07NML
C1203,T25H22
C1203,T23VMI
C1203,T22OPB
C1203,T69RXK
C1204,T06RMZ
C1204,T11BI7
C1204,T22OPB
C1204,T56TXY
C1204,T83YZD
C1204,T80GUN
C1204,T49TDM
C1204,T88AJI
C1204,T66WWM
C1204,T22N8Q
C1204,T37VLU
C1204,T86ROZ
C1204,T76B0A
C1205,T35LKG
C1205,T77M4W
C1205,T20NCI
C1205,T74RBE
C1205,T84VZG
C1205,T19CTK
C1205,T13KGH
C1205,T20RA0
C1205,T67OMA
C1205,T45LZI
C1205,T49UAP
C1205,T95IYZ
C1205,T79WXA
C1205,T33JS5
C1205,T83YZD
C1205,T68SE0
C1205,T44LWL
C1205,T55EFK
C1205,T45B9P
C1205,T64W2K
C1205,T23P74
C1205,T85U8U
C1205,T02QBS
C1205,T75H3W
C1205,T07TMB
C1205,T82JWE
C1205,T80TUC
C1205,T24D36
C1205,T23XLR
C1205,T84ELW
C1205,T82SDM
C1205,T26KIE
C1205,T58CAO
C1205,T42PUG
C1205,T67ZT3
C1205,T60DN8
C1205,T82G3R
C1205,T92BZ2
C1205,T29GRI
C1205,T63FRM
C1205,T87C4J
C1205,T22Y9W
C1205,T89L4V
C1205,T87N33
C1205,T23B68
C1205,T66A7X
C1205,T23VMI
C1205,T33OPP
C1205,T73LNN
C1205,T37ADS
C1205,T48ZIG
C1205,T63GUB
C1205,T92E71
C1205,T40DIM
C1205,T08Q7W
C1205,T08Q1T
C1205,T36PZ1
C1205,T13I7C
C1205,T12T4H
C1205,T56RMM
C1205,T50WOV
C1205,T88TDZ
C1205,T28HOM
C1205,T41BXR
C1205,T27J4O
C1205,T47G3X
C1205,T78C6N
C1205,T20P3F
C1205,T81I4T
C1206,T68W7Y
C1208,T61J7T
C1208,T78O6C
C1208,T58J2Y
C1208,T50WOV
C1208,T88AJI
C1208,T40G6B
C1209,T70KPE
C1209,T09INZ
C1214,T67KTV
C1214,T55WN8
C1214,T09INZ
C1214,T89K3V
C1214,T02QBS
C1214,T30D9G
C1214,T46K2X
C1214,T15P3B
C1214,T16A2X
C1214,T12PIB
C1214,T52S7S
C1214,T41ZO1
C1214,T44LWL
C1214,T46YMA
C1214,T76TED
C1214,T08Q7W
C1214,T86ROZ
C1214,T88TDZ
C1214,T22OPB
C1214,T80OJF
C1214,T56TXY
C1214,T88BCB
C1214,T20JZ2
C1214,T79KQO
C1214,T71K92
C1214,T85U8U
C1214,T63GUB
C1214,T68BGR
C1214,T40JMU
C1214,T42EAZ
C1214,T75B9S
C1214,T29WP4
C1214,T77FOL
C1214,T97KFC
C1214,T81I4T
C1214,T79WXA
C1214,T40KDU
C1214,T04AHN
C1214,T08U92
C1214,T89LO8
C1214,T43BTC
C1214,T64QZQ
C1214,T22XVR
C1214,T27BN7
C1214,T50WOV
C1214,T61HH0
C1214,T88A0X
C1214,T36U0M
C1214,T93SFQ
C1214,T93YV8
C1214,T85AXP
C1214,T35QZO
C1214,T70VMI
C1216,T96OOK
C1216,T74QXI
C1216,T92BZ2
C1216,T09INZ
C1216,T44LWL
C1216,T08Q7W
C1216,T88TDZ
C1216,T09H2Z
C1217,T22OPB
C1217,T50SX0
C1217,T83QHM
C1218,T70KPE
C1218,T48J2C
C1218,T70LAB
C1218,T06ADX
C1218,T88TDZ
C1219,T70HTD
C1219,T80OPZ
C1219,T85AXP
C1219,T96OOK
C1219,T69RXK
C1219,T30D9G
C1219,T09H2Z
C1219,T85U8U
C1219,T71K92
C1219,T11BI7
C1219,T50GQE
C1220,T98RXH
C1220,T12PIB
C1220,T53RK9
C1220,T92Q77
C1220,T03CZ8
C1220,T99EYH
C1220,T16A2X
C1220,T85U8U
C1220,T99W15
C1220,T56TXY
C1220,T24LXT
C1220,T75H3W
C1220,T86UXL
C1220,T30D9G
C1220,T70SFS
C1220,T00H7Q
C1220,T00EP2
C1220,T84P70
C1220,T33OPP
C1220,T27U96
C1220,T71K92
C1220,T35QZO
C1221,T41B8C
C1221,T71K92
C1221,T03CZ8
C1221,T18CWB
C1222,T49TDM
C1222,T88AJI
C1222,T06RMZ
C1222,T11BI7
C1222,T36Y8O
C1222,T02QBS
C1222,T47H3O
C1222,T96OOK
C1222,T28I32
C1222,T85U8U
C1222,T23P74
C1222,T88TDZ
C1222,T71BDH
C1222,T67JR8
C1222,T18CWB
C1222,T79WXA
C1222,T43ZNV
C1222,T71K92
C1222,T80TUC
C1222,T20JZ2
C1222,T42EAZ
C1222,T94DIJ
C1222,T04H8Y
C1222,T54OSZ
C1222,T63FNY
C1222,T25C2G
C1222,T04MBA
C1222,T84WE9
C1222,T26EZU
C1222,T53AOE
C1222,T01S8U
C1222,T04WT7
C1222,T15TWZ
C1222,T31P1D
C1222,T80GUN
C1222,T80OJF
C1222,T08Q7W
C1222,T14JSQ
C1222,T36B1Q
C1222,T74D4Y
C1222,T74I49
C1222,T93WZG
C1222,T15JRW
C1222,T06DT5
C1222,T06ADX
C1222,T77UWH
C1222,T43N2D
C1224,T08Q7W
C1224,T37VLU
C1224,T09H2Z
C1225,T99TRQ
C1225,T09HVO
C1225,T81I4T
C1225,T92P67
C1225,T68EUG
C1225,T91XPP
C1225,T68CKY
C1225,T68IZC
C1225,T75B9S
C1225,T40Q3U
C1225,T10I26
C1225,T53MV1
C1225,T85K8L
C1225,T43N2D
C1225,T78F9O
C1225,T54G8J
C1225,T08Q7W
C1225,T25NSJ
C1225,T79WXA
C1225,T64P00
C1226,T84W8G
C1226,T08Q7W
C1226,T63BQU
C1226,T79KQO
C1226,T88AJI
C1226,T88E8M
C1226,T58J2Y
C1226,T15ZAV
C1226,T04IGS
C1226,T88IXL
C1226,T71K92
C1226,T82JWE
C1227,T45NNT
C1227,T85JAT
C1227,T17E95
C1227,T83YZD
C1227,T78ZF2
C1227,T66GX9
C1227,T21DZX
C1227,T06RMZ
C1227,T71K92
C1227,T22OPB
C1227,T99GD2
C1227,T25H22
C1227,T87UKX
C1227,T17B47
C1227,T09HVO
C1227,T23NFE
C1227,T88AJI
C1227,T45B9P
C1227,T84ONF
C1227,T88E8M
C1227,T25L2V
C1227,T63BQU
C1227,T79WXA
C1227,T42EAZ
C1227,T85U8U
C1227,T76F14
C1227,T01L5I
C1227,T64BTV
C1227,T17FIA
C1227,T93VFT
C1227,T26EZU
C1227,T74SS7
C1227,T54G8J
C1227,T68NCI
C1227,T08Q7W
C1227,T86ROZ
C1227,T32JN2
C1269,T20VPX
C1269,T83BVT
C1269,T16MRU
C1269,T78PK3
C1269,T56FPY
C1269,T92AMR
C1270,T67KTV
C1276,T22H7B
C1277,T42PUG
C1278,T91W8B
C1278,T03VS9
C1278,T44WZO
C1278,T12T4H
C1278,T50SX0
C1278,T85U8U
C1278,T63YAO
C1278,T01QLH
C1278,T12PIB
C1278,T32OC4
C1278,T54G8J
C1278,T22MME
C1278,T04AHN
C1278,T84W8G
C1278,T44LWL
C1278,T09TS5
C1278,T74ETU
C1278,T50WUM
C1278,T05O6O
C1278,T30V3R
C1278,T09H2Z
C1278,T67HAF
C1278,T08Q7W
C1278,T29GH0
C1278,T98JPP
C1278,T42EAZ
C1278,T50V79
C1278,T26KIE
C1278,T64UH1
C1278,T73S71
C1278,T49PL1
C1278,T07NZK
C1278,T11GHO
C1278,T34AYH
C1278,T36I66
C1278,T90ZS8
C1278,T10HL8
C1278,T59IKQ
C1278,T42XY2
C1278,T16IWB
C1278,T23VMI
C1278,T29CYD
C1278,T41SFE
C1278,T57R3V
C1278,T64W2K
C1278,T82I76
C1278,T82JWE
C1278,T82S9G
C1278,T53QOD
C1278,T63SUZ
C1278,T85AXP
C1278,T63GUB
C1278,T33OPP
C1278,T46HRF
C1278,T35FQV
C1278,T16A2X
C1278,T70SFS
C1278,T80TUC
C1278,T28B0B
C1278,T53GFX
C1278,T80GUN
C1278,T49TDM
C1278,T35QZO
C1278,T63BQU
C1279,T32OC4
C1279,T21DZX
C1279,T83YZD
C1279,T01QLH
C1283,T45XTW
C1284,T56RMM
C1248,T21DZX
C1248,T46K2X
C1249,T66YJ0
C1249,T47BNM
C1249,T76TBD
C1252,T04H8Y
C1252,T06RMZ
C1252,T22NX4
C1252,T22OPB
C1252,T71BDH
C1252,T98FWP
C1252,T23VMI
C1252,T64BTV
C1252,T33OPP
C1252,T09H2Z
C1252,T69NG6
C1252,T86ROZ
C1252,T16FZA
C1252,T08Q7W
C1252,T44LWL
C1252,T24YNT
C1253,T74P7I
C1253,T98RXH
C1253,T92BZ2
C1256,T83M25
C1256,T24VRZ
C1256,T77W6N
C1256,T82JWE
C1258,T13KGH
C1258,T04H8Y
C1258,T58XLK
C1258,T26EZU
C1258,T64UH1
C1258,T82I7J
C1258,T49TDM
C1259,T08Q7W
C1259,T56MD7
C1259,T87DEX
C1259,T48J1U
C1259,T46AQJ
C1259,T53QS9
C1259,T85AXP
C1259,T12BGL
C1259,T62F1Y
C1259,T80TUC
C1259,T71K92
C1259,T85U8U
C1259,T33OPP
C1259,T49ORJ
C1260,T50SX0
C1260,T05O6O
C1260,T89A2U
C1260,T91AIW
C1260,T95K8Q
C1262,T09INZ
C1262,T23VMI
C1262,T27U96
C1262,T34DZ7
C1262,T37VLU
C1262,T69NG6
C1264,T88AJI
C1266,T41BXR
C1266,T49ORJ
C1266,T06RMZ
C1266,T23P74
C1266,T34Y8V
C1266,T34U48
C1266,T39RV3
C1266,T23VMI
C1266,T33OPP
C1266,T08Q7W
C1266,T62P0D
C1266,T25UYT
C1266,T78VUO
C1266,T54CIF
C1266,T85U8U
C1266,T09H2Z
C1231,T12PIB
C1231,T83YZD
C1231,T91T8I
C1231,T58J2Y
C1231,T25Y64
C1231,T29MD1
C1231,T42EAZ
C1231,T74LFK
C1231,T71K92
C1231,T62ERY
C1231,T22NX4
C1231,T76AZQ
C1231,T79WXA
C1231,T06RMZ
C1234,T28PHS
C1234,T06RMZ
C1234,T69CTT
C1234,T74LFK
C1234,T61M4P
C1234,T77VME
C1234,T80XW6
C1234,T88AJI
C1234,T38OH4
C1234,T68OIU
C1234,T75ZQD
C1234,T67U3B
C1234,T21Q0D
C1234,T44AEN
C1234,T01E8J
C1234,T73S71
C1234,T50V79
C1234,T13DVU
C1234,T63YAO
C1234,T56FPY
C1234,T89EW0
C1234,T21K0F
C1234,T92MGC
C1234,T81DYL
C1234,T90K33
C1234,T75NEV
C1234,T91X8E
C1234,T07VO1
C1234,T15ZAV
C1234,T38WWN
C1234,T84AR4
C1234,T44GAO
C1234,T93SFQ
C1234,T08VQQ
C1234,T04H8Y
C1234,T75SPS
C1234,T58CPZ
C1234,T16CFE
C1234,T02GMU
C1234,T44X5B
C1234,T35OPL
C1234,T59L1E
C1234,T55TEP
C1234,T80SD7
C1234,T50MQN
C1234,T61DYZ
C1234,T23VMI
C1234,T94H37
C1234,T79UHV
C1234,T25H22
C1234,T86TYE
C1234,T64BTV
C1234,T30C1L
C1234,T79TJS
C1234,T66IUC
C1234,T99EYH
C1234,T95EU5
C1234,T49PL1
C1236,T34I45
C1236,T22H7B
C1236,T25S8M
C1236,T71BDH
C1236,T23VMI
C1236,T86ROZ
C1236,T93W1J
C1237,T88BCB
C1237,T32R5L
C1237,T39M6J
C1237,T97FEF
C1237,T74LFK
C1237,T22OPB
C1237,T68DAN
C1237,T58J2Y
C1237,T06RMZ
C1237,T85U8U
C1237,T23P74
C1237,T26KIE
C1237,T81I4T
C1237,T90RVD
C1237,T02QBS
C1237,T60GGR
C1237,T50V79
C1237,T50GQE
C1237,T08Q7W
C1237,T88LSZ
C1237,T64W2K
C1237,T88TDZ
C1237,T18F9A
C1237,T88HDQ
C1237,T29MD1
C1237,T39WPZ
C1237,T53AOE
C1237,T01D27
C1237,T09S1E
C1237,T87QUW
C1237,T52H3P
C1237,T75KZ8
C1237,T91OUC
C1237,T42EAZ
C1238,T97FEF
C1239,T69XVX
C1239,T92AMR
C1239,T04MBA
C1239,T63BQU
C1239,T24LXT
C1240,T54B00
C1241,T02P7Q
C1241,T49XOZ
C1241,T58J2Y
C1241,T74JJN
C1242,T09INZ
C1242,T22OPB
C1242,T44LWL
C1242,T67KTV
C1242,T63FF5
C1242,T11BI7
C1242,T77W6N
C1242,T79KQO
C1242,T10I26
C1242,T40EUL
C1242,T08Q7W
C1243,T83YZD
C1243,T58XLK
C1243,T17CZC
C1243,T13KGH
C1243,T02HSM
C1245,T44KU9
C1245,T66LSN
C1245,T14V3E
C1245,T88TDZ
C1245,T64BTV
C1245,T38OH4
C1245,T06VX0
C1245,T44LWL
C1245,T79KQO
C1245,T23VMI
C1245,T58J2Y
C1245,T33OSQ
C1245,T77NHP
C1245,T33OPP
C1245,T17UP9
C1245,T57HGP
C1246,T38N54
C1246,T18VDI
C1246,T62KUY
C1246,T90ADC
C1246,T76AZQ
C1246,T38T1U
C1246,T30VNV
C1247,T08Q7W
